image_id,crop_type,disease_label,severity,hsv_h,hsv_s,hsv_v
img_1,Grape,healthy,0.0,0.6485180989158231,0.7201113408469603,0.595255610791994
img_2,Grape,scab,0.875,0.6976809306585202,0.587120631077493,0.7545518908229714
img_3,Grape,scab,0.875,0.4031356895419598,0.2887112621160519,0.9894501283707369
img_4,Grape,scab,0.875,0.06935749997520274,0.5383223016468814,0.5085243996105127
img_5,Tomato,blight,1.0,0.07253860024557139,0.37445246753849376,0.6969139313221449
img_6,Grape,healthy,0.0,0.2246867165267858,0.2753026583617515,0.5688549495471127
img_7,Tomato,scab,0.875,0.2699201877876075,0.40080596475758135,0.8970465089011503
img_8,Apple,healthy,0.0,0.2227496444208479,0.10112035197744847,0.3245488231901581
img_9,Apple,healthy,0.0,0.39994034479008334,0.39223598058945075,0.8155357772198144
img_10,Apple,healthy,0.0,0.7611596271277666,0.9903045515382136,0.4231766565775305
img_11,Apple,blight,1.0,0.6183258942548099,0.5764706333329449,0.6957840052038511
img_12,Apple,scab,0.875,0.6600647752489004,0.3179451887468992,0.13718054379540323
img_13,Apple,healthy,0.0,0.40634874290809214,0.6808174617499158,0.9732239190132905
img_14,Grape,healthy,0.0,0.9459935685924062,0.8251292753472245,0.24721704666824773
img_15,Apple,scab,0.875,0.6301261316271894,0.8318627050071575,0.2575178023004724
img_16,Apple,healthy,0.0,0.7538322521204447,0.8611751548031382,0.11870227901653248
img_17,Tomato,blight,1.0,0.9793918867779977,0.00341468618077526,0.9603163901206371
img_18,Grape,scab,0.875,0.9822791919701824,0.6777899610892492,0.7438619610338852
img_19,Tomato,scab,0.875,0.43090905333554597,0.15710444812123675,0.7220426492015897
img_20,Tomato,blight,1.0,0.37575829898744284,0.10918998963152314,0.2993164617848928
img_21,Grape,scab,0.875,0.40910646503670084,0.05316540677071191,0.9772634909357363
img_22,Apple,scab,0.875,0.7794486124337527,0.29251548071632427,0.788485039146698
img_23,Grape,blight,1.0,0.028321298538302286,0.8926054997731728,0.07191003974431993
img_24,Grape,scab,0.875,0.2568724594750145,0.5975839930057342,0.7024623490188844
img_25,Apple,blight,1.0,0.047633999905030776,0.5309417287517946,0.6782506159241319
img_26,Tomato,scab,0.875,0.46617861293722196,0.5025052513425062,0.2054372639880085
img_27,Grape,healthy,0.0,0.952756434860972,0.6360487354424831,0.004567883362282909
img_28,Grape,healthy,0.0,0.7957728519459837,0.7801329596307495,0.8624308864676111
img_29,Tomato,healthy,0.0,0.47403355134120373,0.78267882924759,0.940455399610632
img_30,Apple,scab,0.875,0.04225291884328299,0.09961450435172133,0.609936041158982
img_31,Apple,blight,1.0,0.1742259457244756,0.9921659775244794,0.03142303549778974
img_32,Apple,healthy,0.0,0.44087228994106814,0.8220423397521187,0.9165663248964906
img_33,Tomato,healthy,0.0,0.9315760783977286,0.8611647248388417,0.9609817271060288
img_34,Tomato,blight,1.0,0.3489363463175452,0.38926672568844356,0.6728532069425244
img_35,Grape,scab,0.875,0.22671546058254455,0.293007947445149,0.21145341674076815
img_36,Tomato,scab,0.875,0.6987838171353338,0.3071681746291381,0.7382622223884134
img_37,Grape,scab,0.875,0.9731490607474755,0.4344887988003947,0.7366972122022479
img_38,Tomato,scab,0.875,0.8300325565880767,0.25515892892565967,0.10241853231027254
img_39,Tomato,healthy,0.0,0.5066226645832863,0.01595932040593899,0.7075925587612364
img_40,Tomato,blight,1.0,0.09265148148432771,0.516290249487134,0.767581609184091
img_41,Tomato,healthy,0.0,0.7602457304260755,0.994237437600062,0.4272724618082886
img_42,Apple,healthy,0.0,0.4056480261958519,0.1992720781613211,0.1067477164535787
img_43,Tomato,healthy,0.0,0.7144644211380509,0.07967434129580996,0.5719076526630593
img_44,Apple,scab,0.875,0.3381370134265414,0.35325662889125486,0.5889411766356267
img_45,Grape,scab,0.875,0.9877422625913399,0.8724258307108211,0.950340230462227
img_46,Apple,blight,1.0,0.6765014763676349,0.6965771864372969,0.03147824171716249
img_47,Grape,blight,1.0,0.8351976790412505,0.9312164187070814,0.13678469798975126
img_48,Apple,blight,1.0,0.9914806951172168,0.30443564386161237,0.10850292358752683
img_49,Apple,blight,1.0,0.8621273934426558,0.8636662814013777,0.8090232078007151
img_50,Tomato,blight,1.0,0.22550088138489538,0.6567523147758914,0.6640397617818021
img_51,Apple,scab,0.875,0.6539030203494153,0.8238059948582478,0.3784668604794942
img_52,Grape,healthy,0.0,0.8717286596907311,0.8842061377000854,0.9694958505965856
img_53,Tomato,blight,1.0,0.19316912472590736,0.8364990610234488,0.44784516814781244
img_54,Tomato,healthy,0.0,0.8644952662526424,0.7336754766936637,0.3110998479344458
img_55,Apple,healthy,0.0,0.2248775998094896,0.21213073190682294,0.190750455369728
img_56,Tomato,scab,0.875,0.3972220631798993,0.8833951076441726,0.046031587512065916
img_57,Apple,scab,0.875,0.4619441472783752,0.7764033279826957,0.34613630883089586
img_58,Grape,blight,1.0,0.6745386838072922,0.6803711796983706,0.8505736472098142
img_59,Apple,healthy,0.0,0.8322523037692776,0.006212340623181344,0.8628087495904337
img_60,Tomato,blight,1.0,0.5133493585982722,0.22120548173686205,0.9150658577857569
img_61,Grape,healthy,0.0,0.9797773565104899,0.38162177862879865,0.615314094236991
img_62,Grape,blight,1.0,0.41614826010378875,0.009284550782957346,0.417803399218562
img_63,Apple,blight,1.0,0.7714683666147054,0.5066936738668139,0.5900959196419329
img_64,Grape,healthy,0.0,0.42991713995868963,0.5454433907806296,0.20485717107581278
img_65,Tomato,scab,0.875,0.4917698960565367,0.732585179326009,0.36741249322914693
img_66,Apple,blight,1.0,0.5419060182815675,0.18674753245278497,0.5234221909566485
img_67,Tomato,blight,1.0,0.7234369063033161,0.4950322049481282,0.35313238182120416
img_68,Apple,healthy,0.0,0.5000640406612423,0.7114162071345895,0.09024814065464586
img_69,Apple,healthy,0.0,0.09604484683211856,0.34969668289129635,0.43484030454700145
img_70,Apple,blight,1.0,0.04698369737963209,0.2196387731951596,0.8264131593579123
img_71,Apple,healthy,0.0,0.013986861245655855,0.7932999907967386,0.9525899719239275
img_72,Apple,healthy,0.0,0.08959988283696409,0.4636744084928397,0.10209283115714692
img_73,Tomato,scab,0.875,0.7895920605575918,0.8332213229375992,0.17952891731378742
img_74,Tomato,scab,0.875,0.07213622586755834,0.631824201481378,0.19897627764582698
img_75,Grape,scab,0.875,0.6599134358657038,0.31835147860249513,0.25180178768247324
img_76,Grape,blight,1.0,0.4504718687467985,0.004970374422857927,0.24245399460284647
img_77,Grape,healthy,0.0,0.918013862101931,0.23077642793285777,0.3580208672078574
img_78,Apple,healthy,0.0,0.863997310468194,0.1923420268818709,0.9997737971007576
img_79,Apple,scab,0.875,0.07511660373131686,0.9241944133853228,0.1526261834140374
img_80,Grape,healthy,0.0,0.6164110749117898,0.48372019311344255,0.21451522619037114
img_81,Tomato,scab,0.875,0.055820620129266196,0.7359778993816312,0.5637719387884861
img_82,Tomato,healthy,0.0,0.26143231153400553,0.8162831332665963,0.20523457432115058
img_83,Grape,healthy,0.0,0.0016950106799221315,0.9947596974154723,0.28501988382919624
img_84,Apple,scab,0.875,0.6575002570872986,0.23006411556921139,0.15294750481138958
img_85,Grape,scab,0.875,0.1858515548497574,0.5346529582286572,0.5625452565829772
img_86,Grape,healthy,0.0,0.10475582814988067,0.45363965162047765,0.722397810775711
img_87,Grape,blight,1.0,0.12653774485137323,0.95280840024449,0.6706461467217057
img_88,Tomato,blight,1.0,0.47063768980681725,0.4300789077056821,0.3883939137783799
img_89,Apple,scab,0.875,0.5929100395096614,0.8898301587908841,0.1551139616652152
img_90,Grape,blight,1.0,0.9890860782877164,0.4267000497504185,0.26848454623886236
img_91,Apple,healthy,0.0,0.14496896577331161,0.7386512881398908,0.4151442881874084
img_92,Grape,blight,1.0,0.30874498427746755,0.9752393642929812,0.3561572694580897
img_93,Apple,blight,1.0,0.9903748075329591,0.08595254167545974,0.7505079556425356
img_94,Apple,blight,1.0,0.9572626017032788,0.6630456802287242,0.9349717613029873
img_95,Grape,blight,1.0,0.7774065528941416,0.780161863477555,0.6939715725191353
img_96,Grape,healthy,0.0,0.4007849074768862,0.015754690407407505,0.44875961874565
img_97,Tomato,healthy,0.0,0.2514413110966339,0.36757271264943003,0.5011481693552522
img_98,Apple,scab,0.875,0.5161297258731616,0.24309502757958915,0.3862773783651431
img_99,Apple,healthy,0.0,0.47804278063472605,0.6268257074086314,0.26856290094575747
img_100,Apple,healthy,0.0,0.9544292863877679,0.33932049480852056,0.22025674395732503
img_101,Tomato,blight,1.0,0.4547536174328891,0.397011263574858,0.5279348135951352
img_102,Tomato,healthy,0.0,0.9894725709996642,0.13354187288403638,0.27303624084117245
img_103,Tomato,healthy,0.0,0.6702208009128823,0.35772562914843425,0.725114542447441
img_104,Grape,scab,0.875,0.5860636603534617,0.6862951190600192,0.9878474826071333
img_105,Tomato,healthy,0.0,0.9965660055378199,0.9451066667875203,0.6116682758517693
img_106,Apple,blight,1.0,0.15688980243530296,0.7360444704023601,0.8324694221475415
img_107,Tomato,blight,1.0,0.5890050306579289,0.612765611243194,0.4464780996390824
img_108,Apple,blight,1.0,0.9903230043752763,0.4052698582716005,0.7320240023356759
img_109,Tomato,blight,1.0,0.9631585721668903,0.7794491527946354,0.5862891885064845
img_110,Tomato,blight,1.0,0.9750201636827184,0.0985072192657847,0.3589215242068533
img_111,Apple,blight,1.0,0.05694153324106693,0.9403848414731181,0.9607266212626211
img_112,Apple,healthy,0.0,0.49480778301909084,0.2654962362405141,0.10572384842060244
img_113,Tomato,healthy,0.0,0.5004367510856941,0.7910769635337558,0.9887157197555481
img_114,Apple,healthy,0.0,0.5544106308217767,0.4873481083295194,0.28779746265850215
img_115,Tomato,healthy,0.0,0.8705056534651496,0.41202064944059474,0.391924235442166
img_116,Grape,healthy,0.0,0.9595815421483375,0.03490429644203144,0.2155233337975812
img_117,Grape,blight,1.0,0.8884006506131871,0.15825628151936555,0.670510691131563
img_118,Grape,healthy,0.0,0.4595340197029945,0.8735134630912322,0.6391217777028229
img_119,Grape,scab,0.875,0.0015938649626643328,0.10048071679546317,0.7902144903546207
img_120,Apple,healthy,0.0,0.9166770193483313,0.5958295155666569,0.6250139928350293
img_121,Grape,scab,0.875,0.4272071579410861,0.31538616041367357,0.5355663140955544
img_122,Apple,healthy,0.0,0.2782822740380968,0.7488037995914166,0.008688403110145234
img_123,Tomato,healthy,0.0,0.2166794514907598,0.47318120434080474,0.4833812618872681
img_124,Grape,healthy,0.0,0.4804896339091497,0.8699867131416537,0.22982603089058
img_125,Tomato,scab,0.875,0.3637185593166908,0.2394978113054433,0.7993083635886888
img_126,Tomato,scab,0.875,0.5948599285731326,0.2723277572588539,0.48307207882779785
img_127,Apple,scab,0.875,0.8224533491032059,0.2359791856969735,0.0054945717957518
img_128,Grape,healthy,0.0,0.7738849547049707,0.7946691540248966,0.6048437713416761
img_129,Apple,blight,1.0,0.7704889255438642,0.3965829784704925,0.6761852737955927
img_130,Grape,healthy,0.0,0.1861085411282148,0.34994592416923476,0.7329752680447796
img_131,Apple,scab,0.875,0.8911013265613962,0.9773159784410076,0.797936538744745
img_132,Tomato,healthy,0.0,0.4502931222866107,0.06402995331817715,0.5478475466928681
img_133,Tomato,healthy,0.0,0.6192097768824889,0.17232060624907616,0.4118797215413965
img_134,Apple,healthy,0.0,0.5179712797707395,0.377948130349478,0.022917235337845863
img_135,Apple,scab,0.875,0.5503060038633196,0.10077607189825936,0.5751907247290158
img_136,Grape,blight,1.0,0.17532513067827252,0.6717103345587945,0.6366953736751038
img_137,Apple,scab,0.875,0.47663389135971335,0.7799825208281108,0.29448396793358084
img_138,Tomato,scab,0.875,0.6517015958356764,0.7883326108888679,0.37055163601639746
img_139,Grape,scab,0.875,0.03769579662461609,0.28263201733711135,0.4387475791217809
img_140,Apple,healthy,0.0,0.24312811896394576,0.2498208591336379,0.7276966199790957
img_141,Tomato,scab,0.875,0.9405939054790242,0.7162170390056869,0.16750318570693207
img_142,Apple,scab,0.875,0.10646977529938784,0.9769392805691723,0.30677437093231685
img_143,Tomato,blight,1.0,0.7053268358047078,0.916140475421634,0.658211098455985
img_144,Apple,scab,0.875,0.5166793865925804,0.8816511953807188,0.2546288470731779
img_145,Tomato,scab,0.875,0.7143378621845201,0.24799901788322173,0.6681017557595175
img_146,Apple,scab,0.875,0.8399033374744181,0.2551764074401248,0.1070634227761968
img_147,Tomato,healthy,0.0,0.5525556194019587,0.8617582375066056,0.9824501955733942
img_148,Apple,blight,1.0,0.029759540103668335,0.15656876544955753,0.8447836340926393
img_149,Tomato,scab,0.875,0.9766500803710855,0.5692262687611542,0.7676186967527527
img_150,Grape,scab,0.875,0.3282645597926842,0.25877620178731053,0.8353559093438034
img_151,Apple,healthy,0.0,0.3188077777401394,0.28137644593127425,0.1249013815582179
img_152,Apple,healthy,0.0,0.23852718470609793,0.1482478120313339,0.13308868791666958
img_153,Apple,blight,1.0,0.17116697707665182,0.6509161248071182,0.6996556651513037
img_154,Apple,scab,0.875,0.7372242222466897,0.2013532342835149,0.29938222683363774
img_155,Grape,scab,0.875,0.5146991462610065,0.7405391283913111,0.9175748380376516
img_156,Apple,scab,0.875,0.44754586459268936,0.13442367265019156,0.8245154874147964
img_157,Apple,blight,1.0,0.8341058874874857,0.22308966100345967,0.07576473707318603
img_158,Apple,scab,0.875,0.8939632219294369,0.24205290738717344,0.8756755795516584
img_159,Grape,healthy,0.0,0.007703076425963087,0.2614480742694552,0.4381751822686308
img_160,Grape,blight,1.0,0.022652070798125534,0.8114173172995841,0.2433071682790162
img_161,Grape,blight,1.0,0.9937468846813718,0.5092540401768286,0.25576344816990154
img_162,Apple,blight,1.0,0.7804104384240244,0.011156367414627832,0.1094048880012096
img_163,Tomato,healthy,0.0,0.17383308680777598,0.536392416867615,0.7944339905987874
img_164,Apple,scab,0.875,0.06335706804468248,0.8196290519642698,0.7952515379417655
img_165,Tomato,blight,1.0,0.5178554315950181,0.2554193599073268,0.05335669648109698
img_166,Apple,healthy,0.0,0.04266073528042786,0.0865048333947369,0.1710464754250215
img_167,Grape,blight,1.0,0.8345234219592912,0.5845851506684903,0.04129445058591944
img_168,Tomato,healthy,0.0,0.6056284363167109,0.4418723987368867,0.12637646980182674
img_169,Grape,blight,1.0,0.3199521072772899,0.541428382500475,0.09756013706854808
img_170,Grape,healthy,0.0,0.3015334883822417,0.5072600551663555,0.31887296692304334
img_171,Tomato,blight,1.0,0.0,0.8854447503690438,0.8001984421937245
img_172,Tomato,healthy,0.0,0.513322220700342,0.9681340359527824,0.8154936151332766
img_173,Grape,scab,0.875,0.014616042380738591,0.2522036508018699,0.9855395791893944
img_174,Apple,healthy,0.0,0.14945306279787762,0.9668999697444057,0.1841375895155212
img_175,Tomato,healthy,0.0,0.5502231494278301,0.41064808675009307,0.7668542989559048
img_176,Apple,blight,1.0,0.22032320525286272,0.3512897288527522,0.055971173308131526
img_177,Tomato,scab,0.875,0.08751111449621167,0.016309879727245374,0.5010171229241358
img_178,Grape,blight,1.0,0.9225580642643721,0.49104651901661944,0.36982361881614423
img_179,Apple,blight,1.0,0.44281179744960514,0.695449598747913,0.3802478114188521
img_180,Tomato,blight,1.0,0.13866633379754353,0.8066906337514991,0.6862404059220408
img_181,Grape,blight,1.0,0.7073769893078207,0.3817214474445183,0.20214251052228363
img_182,Grape,scab,0.875,0.7765655636423155,0.15529157132659988,0.2727719798038505
img_183,Grape,blight,1.0,0.38849376837030314,0.8731118996639378,0.48911493862085514
img_184,Tomato,scab,0.875,0.8478049453283708,0.6640036288373226,0.1270151558224857
img_185,Tomato,blight,1.0,0.05135909111261915,0.1218535593509949,0.7032545460448776
img_186,Grape,healthy,0.0,0.609747848817509,0.3431159965837329,0.11408444317511486
img_187,Grape,blight,1.0,0.6934627375081903,0.6036879434417386,0.7924458470971611
img_188,Tomato,blight,1.0,0.07082336076595719,0.5588235800146226,0.564610802699756
img_189,Tomato,healthy,0.0,0.50779818745143,0.048336900181426265,0.4695196422278012
img_190,Grape,blight,1.0,0.24585726416826867,0.25271720069676007,0.8949641504197929
img_191,Grape,blight,1.0,0.40119225915614154,0.014128416336438254,0.18666506602279012
img_192,Tomato,blight,1.0,0.17620243870405836,0.9406982256211758,0.6011691230713241
img_193,Tomato,healthy,0.0,0.8359101124448123,0.9621645518469093,0.6955897817781658
img_194,Apple,healthy,0.0,0.3106398183276307,0.8932916551017895,0.3358383506197741
img_195,Tomato,scab,0.875,0.888347272852348,0.8713931808555156,0.29360386732539984
img_196,Apple,scab,0.875,0.40605749681443887,0.4998292125529304,0.11138830314569441
img_197,Apple,blight,1.0,0.18348581010623588,0.7956996804233053,0.12840767016418309
img_198,Apple,blight,1.0,0.58112770113839,0.7451612695917813,0.5248348637876044
img_199,Grape,scab,0.875,0.4495591798125485,0.2910801528562373,0.37875433336811537
img_200,Grape,scab,0.875,0.5765802593106532,0.2980749786356538,0.5356604633496282
img_201,Tomato,blight,1.0,0.03024447300786377,0.6641662685205999,0.3367878659122529
img_202,Apple,blight,1.0,0.982776538546893,0.21025308245749363,0.3020941204443456
img_203,Tomato,scab,0.875,0.6024705518006374,0.9764588461432692,0.59493604279213
img_204,Apple,healthy,0.0,0.9181098966881122,0.4021670066760604,0.02737064147254976
img_205,Tomato,scab,0.875,0.9991049449035082,0.834334925959498,0.5770363507367531
img_206,Tomato,blight,1.0,0.12284256070546166,0.472779944465494,0.35511576264711847
img_207,Tomato,healthy,0.0,0.4306324112223149,0.37210606615058056,0.6813279186248362
img_208,Apple,blight,1.0,0.07549831550003552,0.9616980177968893,0.27386806253664026
img_209,Apple,healthy,0.0,0.2448865150064046,0.21927258450828122,0.3309725422049887
img_210,Apple,scab,0.875,0.04083254970621069,0.1724376004845251,0.13073207788424787
img_211,Apple,scab,0.875,0.41212921049492457,0.6832686900162498,0.5449184523351067
img_212,Apple,scab,0.875,0.6058387913885039,0.7628050830483818,0.0581953746692446
img_213,Apple,healthy,0.0,0.21249539230911096,0.20501373595475142,0.24416433568844
img_214,Tomato,blight,1.0,0.8688777243367015,0.782200165585416,0.999030499353011
img_215,Apple,healthy,0.0,0.7191419171308866,0.41833189788672637,0.7794079562866643
img_216,Grape,blight,1.0,0.5846471178476842,0.48944487058821734,0.2836042176545606
img_217,Apple,blight,1.0,0.3954162209199673,0.7195429434531473,0.7116127428077506
img_218,Tomato,blight,1.0,0.34427684167651107,0.13275415920435746,0.594905251118518
img_219,Apple,healthy,0.0,0.17414534588252123,0.14369180600712805,0.11891344657394076
img_220,Grape,blight,1.0,0.3432863242912555,0.6531250715633736,0.9109420238631654
img_221,Tomato,scab,0.875,0.8781050000198972,0.9268110544269929,0.9131107697290783
img_222,Tomato,blight,1.0,0.3097284260955108,0.6509116415598836,0.26004975386975465
img_223,Tomato,healthy,0.0,0.3338616071556084,0.29030335599439244,0.06456183133185832
img_224,Grape,healthy,0.0,0.25566246720362656,0.25753576832260894,0.2466366703911485
img_225,Tomato,blight,1.0,0.26796675058809616,0.3751795904799748,0.17445505387775176
img_226,Apple,blight,1.0,0.629873222440876,0.6106935082397664,0.901272882391259
img_227,Apple,healthy,0.0,0.5874722866591804,0.9252248278956557,0.16462537049832066
img_228,Apple,healthy,0.0,0.9791882462275511,0.09095776359780298,0.35200670969528014
img_229,Apple,blight,1.0,0.2657249274205305,0.8044398678474477,0.38426735694969716
img_230,Apple,blight,1.0,0.4537529822700831,0.6480413593861806,0.8834241079592591
img_231,Tomato,scab,0.875,0.884776125646492,0.5253817559513644,0.1177735192151884
img_232,Grape,scab,0.875,0.8485990531923385,0.892152979503592,0.7755597826971923
img_233,Tomato,scab,0.875,0.8659681321096403,0.0,0.30914961808288965
img_234,Apple,scab,0.875,0.04602394652642553,0.056535734185027685,0.961328657478695
img_235,Tomato,blight,1.0,0.2925433722061131,0.758146249615919,0.48397973559944013
img_236,Grape,blight,1.0,0.12572870272593178,0.03228985727122977,0.220836237797748
img_237,Apple,blight,1.0,0.9968404395237177,0.9243443877128301,0.8360020811780589
img_238,Apple,blight,1.0,0.7060910042827252,0.27807990653646,0.37262624706016606
img_239,Tomato,scab,0.875,0.6447236932551786,0.7556187477058666,0.0696718110312171
img_240,Apple,scab,0.875,0.15850512056024407,0.07076152958442525,0.4079369484854501
img_241,Grape,healthy,0.0,0.03995979751852148,0.5771403264887329,0.48625299534400585
img_242,Apple,healthy,0.0,0.5086362403078349,0.8247958316529381,0.35855944581887306
img_243,Grape,scab,0.875,0.5121496026225143,0.4950758473011044,0.22357303800065284
img_244,Apple,healthy,0.0,0.9231143414787482,0.667113599859888,0.5361501314133714
img_245,Tomato,healthy,0.0,0.6374276185034422,0.7168023513433953,0.11393427549874281
img_246,Apple,blight,1.0,0.4764745653358412,0.6641130849165832,0.27988762357229635
img_247,Tomato,blight,1.0,0.9582243082512321,0.4680473297870556,0.11694049431326069
img_248,Tomato,blight,1.0,0.44215504293947694,0.6126209185463695,0.525921201867892
img_249,Grape,blight,1.0,0.7044442624255794,0.8039358847376397,0.8986075630946235
img_250,Grape,scab,0.875,0.2989742582617816,0.89233784837046,0.48243818671514627
img_251,Grape,scab,0.875,0.5656837103984661,0.15288193516907894,0.05343920399561182
img_252,Tomato,healthy,0.0,0.7677102910668147,0.7980778830397329,0.5296596367170978
img_253,Apple,blight,1.0,0.9537123744098008,0.05020800621415375,0.8148220987678225
img_254,Tomato,scab,0.875,0.7539014198456095,0.7126388898257867,0.7495852312921212
img_255,Tomato,scab,0.875,0.25950947487330056,0.8930013584026574,0.8694111436786374
img_256,Tomato,healthy,0.0,0.49929716898847315,0.4765185435395812,0.502053825066189
img_257,Tomato,blight,1.0,0.7541334345769062,0.08271402714850856,0.5521528426398621
img_258,Grape,blight,1.0,0.5931655329925847,0.7456626469422265,0.9125334164755254
img_259,Tomato,blight,1.0,0.6653193459138251,0.4145779284913324,0.82556339842129
img_260,Grape,blight,1.0,0.9167826125045869,0.2527829405798944,0.584118171418017
img_261,Apple,healthy,0.0,0.9267959525361417,0.022784822599071736,0.2636808415107129
img_262,Grape,scab,0.875,0.004732866879147963,0.4046687278606969,0.683252259029695
img_263,Apple,scab,0.875,0.817739027543631,0.05942781655385193,0.621935267579681
img_264,Grape,blight,1.0,0.5479112869390207,0.47507436099804173,0.9559287028371226
img_265,Tomato,scab,0.875,0.5876672076663068,0.5072596140569129,0.9757861686519107
img_266,Grape,blight,1.0,0.6519600682797597,0.23991111738819396,0.2584690786969179
img_267,Grape,blight,1.0,0.40413056627152216,0.11294184467956202,0.7538735450755429
img_268,Tomato,blight,1.0,0.5318104374012462,0.39809378217013053,0.7196011564906752
img_269,Apple,healthy,0.0,0.33587746809333907,0.8078609323865815,0.10763534828636412
img_270,Apple,blight,1.0,0.2987543266865232,0.615604238874712,0.9026241097711376
img_271,Grape,healthy,0.0,0.4626085888640741,0.28105968252051666,0.9196359956048576
img_272,Grape,scab,0.875,0.603195824542835,0.1486852547652071,0.036248601222709474
img_273,Tomato,scab,0.875,0.2961551581576267,0.7165246961992363,0.4218362814338573
img_274,Grape,scab,0.875,0.3766148640058364,0.33697324217125774,0.021240742078213956
img_275,Grape,blight,1.0,0.11784827438769226,0.41790000102724956,0.15667096034300015
img_276,Grape,scab,0.875,0.362194534512386,0.537238926438973,0.48521748956351524
img_277,Grape,healthy,0.0,0.6389463065930966,0.9578407143901809,0.8941259566056636
img_278,Apple,scab,0.875,0.13257705826110805,0.9514496416614293,0.2630987187860838
img_279,Grape,blight,1.0,0.21442945621051493,0.8242389418518187,0.3943396490651423
img_280,Tomato,scab,0.875,0.14031538554929487,0.10942438219575899,0.042285004336489254
img_281,Apple,healthy,0.0,0.4956027708416261,0.7464632015120996,0.6755403662459494
img_282,Grape,blight,1.0,0.7653653312538795,0.5132651756778814,0.61059405110931
img_283,Grape,blight,1.0,0.6846875672675966,0.33222454706823845,0.03660287818625056
img_284,Apple,scab,0.875,0.24471087191634486,0.5163183207023311,0.27095306354504456
img_285,Apple,healthy,0.0,0.7205504790085762,0.561208796632976,0.8767478550704662
img_286,Tomato,healthy,0.0,0.39798154823266146,0.6403657584188154,0.7774913398613643
img_287,Grape,scab,0.875,0.4362684247737771,0.4345018253760616,0.005000328525847879
img_288,Apple,healthy,0.0,0.84985180414043,0.792144147093653,0.6158564100781938
img_289,Apple,healthy,0.0,0.5300635584253284,0.10068045040796705,0.026416128173287444
img_290,Tomato,healthy,0.0,0.9807511625077976,0.47078802488624555,0.8018898436472433
img_291,Apple,scab,0.875,0.2269361735995357,0.7911723769895488,0.7996183300360002
img_292,Apple,blight,1.0,0.6654729975920867,0.5637676397946858,0.16018177109502832
img_293,Tomato,blight,1.0,0.2667813095488256,0.5468081012088576,0.6941670527422747
img_294,Tomato,healthy,0.0,0.4751161981478313,0.8541958555496767,0.8656103041473757
img_295,Apple,healthy,0.0,0.17315115696120534,0.5160378099228407,0.10425256206730672
img_296,Grape,healthy,0.0,0.9313757699234696,0.11511010993028538,0.9285039747348949
img_297,Tomato,healthy,0.0,0.3803773948565217,0.571725177483249,0.5474683626077528
img_298,Apple,healthy,0.0,0.664308002150613,0.11612250510530804,0.8906117788318038
img_299,Grape,blight,1.0,0.4821903823444285,0.6138204544100443,0.7260958688095664
img_300,Apple,scab,0.875,0.5906621550462504,0.6355360728149981,0.3188931690643314
img_301,Grape,scab,0.875,0.4209942738599638,0.8291951934200864,0.37757803910711973
img_302,Tomato,healthy,0.0,0.031348488140101514,0.8603203865126668,0.550416823486549
img_303,Apple,blight,1.0,0.24065208811084596,0.7150064640734158,0.4165361753517314
img_304,Apple,scab,0.875,0.5222041678582235,0.04598343903253089,0.8883867759991759
img_305,Tomato,blight,1.0,0.747676755008785,0.22778213583572024,0.9329551154569979
img_306,Apple,healthy,0.0,0.002937644237012389,0.8852930457093133,0.28756060798656924
img_307,Tomato,healthy,0.0,0.850781029214055,0.2612542078851635,0.541521276290359
img_308,Tomato,healthy,0.0,0.08065959226143625,0.7341486599965148,0.6029666281006101
img_309,Apple,scab,0.875,0.22307484038427358,0.17131464635040208,0.2978324388212986
img_310,Grape,scab,0.875,0.009763722835726407,0.5257907061913456,0.21991391240683492
img_311,Tomato,blight,1.0,0.203510171473302,0.145004203041009,0.0681115211241809
img_312,Apple,healthy,0.0,0.9541773814675315,0.27715917462623296,0.1902907262343616
img_313,Grape,scab,0.875,0.24549612240062774,0.6680398161289595,0.5994024615332074
img_314,Grape,healthy,0.0,0.584992740421318,0.02408051776114839,0.9649957133717493
img_315,Grape,scab,0.875,0.30823250014445613,0.1988715787688741,0.6369991909217867
img_316,Apple,healthy,0.0,0.08805686130465813,0.005045359599600059,0.8245615649397733
img_317,Tomato,blight,1.0,0.8491684490104392,0.8757123319449646,0.3059108527565254
img_318,Grape,healthy,0.0,0.6270793044527597,0.7662872018369009,0.8060962382653027
img_319,Tomato,scab,0.875,0.6236434025757754,0.5580968728015293,0.8038115833421589
img_320,Tomato,scab,0.875,0.9882770411471873,0.5472512928907337,0.4970964420081982
img_321,Tomato,scab,0.875,0.8856013515877097,0.7060904594817563,0.4636459328161664
img_322,Tomato,blight,1.0,0.9642451098263349,0.7757075150320581,0.7048725309403916
img_323,Apple,scab,0.875,0.16945780944286865,0.9650435832790979,0.6470355569289139
img_324,Grape,scab,0.875,0.5533145519557202,0.4885581211150504,0.28303671484086856
img_325,Grape,healthy,0.0,0.605915901524818,0.3429557297168808,0.2979070793465877
img_326,Grape,blight,1.0,0.7327789532470506,0.45506350636096154,0.756822478154209
img_327,Tomato,scab,0.875,0.7787929830698166,0.3664879193321664,0.25203304617845096
img_328,Tomato,blight,1.0,0.8202123418110702,0.81274776222283,0.5825087709635772
img_329,Grape,healthy,0.0,0.5721164134624644,0.14810455859378308,0.5589763913669763
img_330,Tomato,healthy,0.0,0.4887540535538396,0.7460196196114455,0.5737379070012851
img_331,Apple,scab,0.875,0.9693613750343549,0.10102166367221815,0.6264858141977796
img_332,Grape,blight,1.0,0.6526495280843693,0.41538684569018824,0.42191745187510193
img_333,Tomato,scab,0.875,0.3202998925033674,0.1584661599382894,0.43020610944036536
img_334,Tomato,healthy,0.0,0.6223882917286535,0.7834362599914225,0.28635514117240674
img_335,Tomato,healthy,0.0,0.17873056456670355,0.32033218550951637,0.9492501372844859
img_336,Apple,healthy,0.0,0.9347952166183018,0.42356881916100675,0.8741055591208682
img_337,Grape,scab,0.875,0.46520194827440653,0.27579731853848244,0.6606382365458734
img_338,Grape,scab,0.875,0.19205020976188708,0.6285015820621626,0.4620597244356103
img_339,Apple,blight,1.0,0.6073501163033665,0.9848480054644049,0.7779560990566983
img_340,Apple,healthy,0.0,0.8335862413809367,0.11710749371573162,0.9200773849289334
img_341,Tomato,scab,0.875,0.8933319577416028,0.42279513574894845,0.17063389836359483
img_342,Apple,scab,0.875,0.3309367807462014,0.9681522764439814,0.6267995977211718
img_343,Apple,scab,0.875,0.5859518156612102,0.9218616999118495,0.2043634484686813
img_344,Apple,scab,0.875,0.4647563098397982,0.8637777796434315,0.9897169574710454
img_345,Tomato,blight,1.0,0.28044059897536033,0.09663047095440636,0.3379987558658973
img_346,Tomato,scab,0.875,0.691533916507087,0.9241665732182407,0.007085219261289515
img_347,Apple,healthy,0.0,0.46786075097337526,0.030468612550399336,0.5897600514918628
img_348,Apple,scab,0.875,0.5614496508866136,0.7281416714451028,0.9817742395120979
img_349,Grape,healthy,0.0,0.6774712368801085,0.3978610795078522,0.14958745774813828
img_350,Grape,blight,1.0,0.46229117172906425,0.7956827945283166,0.7435697666490748
img_351,Apple,healthy,0.0,0.9744654843467653,0.13657570509401878,0.6319117830282832
img_352,Apple,blight,1.0,0.22614193614270078,0.01718943308977215,0.7858961832004978
img_353,Tomato,healthy,0.0,0.42264569452095574,0.14676915406757915,0.963095130130901
img_354,Grape,scab,0.875,0.972094076073146,0.511036750356497,0.2901498902597047
img_355,Tomato,healthy,0.0,0.46992318635031455,0.6943368103325978,0.44057083051723894
img_356,Apple,blight,1.0,0.6378397831420648,0.14182754028921493,0.318568346915022
img_357,Apple,blight,1.0,0.4711605002282394,0.4204431454195738,0.5303612156602335
img_358,Grape,blight,1.0,0.7519909983085139,0.10343948308529352,0.7862091224126273
img_359,Grape,scab,0.875,0.503432845400632,0.40504054722929445,0.6813056103712352
img_360,Grape,scab,0.875,0.4639401933503933,0.45637338770833996,0.13426011080358988
img_361,Grape,healthy,0.0,0.8461422065703641,0.9068429903696879,0.719580146788702
img_362,Apple,scab,0.875,0.8663990246493982,0.054875099447037785,0.8058254777993257
img_363,Apple,healthy,0.0,0.7075309203132342,0.03399609482386044,0.7132460550075626
img_364,Grape,blight,1.0,0.487419329207973,0.8046148576727207,0.9247414761111281
img_365,Tomato,blight,1.0,0.7203846416747888,0.5596317140043876,0.42075206937011717
img_366,Grape,scab,0.875,0.6604429707099768,0.038763708980177,0.739399767705599
img_367,Tomato,healthy,0.0,0.645180031980177,0.4390112789149741,0.6135302010528585
img_368,Grape,healthy,0.0,0.8774882406089749,0.6565438843327512,0.6474663742767894
img_369,Grape,blight,1.0,0.572927305655053,0.7542081252502425,0.4709594132608076
img_370,Grape,blight,1.0,0.5949548978672297,0.10142426380484529,0.1385353499697773
img_371,Tomato,scab,0.875,0.3464542217615843,0.1749789075537441,0.2517612731415704
img_372,Grape,blight,1.0,0.7968853924034418,0.6816086897044444,0.5128630131448844
img_373,Grape,healthy,0.0,0.9940188271630391,0.4027600834329124,0.6106038804804785
img_374,Grape,blight,1.0,0.2766691016868958,0.6140175568820215,0.1327871536133228
img_375,Apple,healthy,0.0,0.25694728871271294,0.9934476644886271,0.4271404869633694
img_376,Tomato,healthy,0.0,0.6615778288592584,0.2800777486664233,0.7204497443789453
img_377,Tomato,blight,1.0,0.10688383037252262,0.7994985002901063,0.900668065393921
img_378,Grape,blight,1.0,0.7491719105657875,0.7207794450579733,0.00040145776615237074
img_379,Grape,blight,1.0,0.993991273923368,0.38048355075757295,0.2059445133579316
img_380,Grape,healthy,0.0,0.8513596135413413,0.8629326724705407,0.564490799178899
img_381,Grape,blight,1.0,0.9531424183874817,0.15548013868010943,0.5520280232075339
img_382,Apple,healthy,0.0,0.09538900064353686,0.8230671591759734,0.7278433956792825
img_383,Grape,blight,1.0,0.36468353695991684,0.3558569370162026,0.026120939549707494
img_384,Apple,healthy,0.0,0.2992249310393438,0.4383176774800991,0.5776372528247284
img_385,Apple,blight,1.0,0.18924071320637997,0.3620470638320166,0.5140479829829936
img_386,Apple,scab,0.875,0.05942179864464342,0.13802379059487968,0.18366712765273388
img_387,Apple,healthy,0.0,0.3905572302467101,0.18490564312206273,0.625681022834677
img_388,Apple,blight,1.0,0.012260770296970414,0.10158427741473823,0.11041882824140259
img_389,Tomato,healthy,0.0,0.40338347022128124,0.5842611926346506,0.32455830009864495
img_390,Apple,blight,1.0,0.24951163984479943,0.26834099081744506,0.2247385564859951
img_391,Tomato,healthy,0.0,0.8705388416712788,0.5559073086152638,0.41646613702106616
img_392,Apple,healthy,0.0,0.7320312371447546,0.5496698763640455,0.3627165185156253
img_393,Apple,blight,1.0,0.7992804255065213,0.7141810388163704,0.4260797669722542
img_394,Tomato,healthy,0.0,0.40549180942281765,0.44926336549867735,0.939285106250497
img_395,Grape,scab,0.875,0.5776770994596183,0.6943825641191222,0.11357566718241172
img_396,Tomato,scab,0.875,0.8463850429541666,0.39819841384904114,0.9348311467625918
img_397,Apple,healthy,0.0,0.25189928916082527,0.43396644085337854,0.5699429581906159
img_398,Tomato,healthy,0.0,0.5547701894943682,0.7592394419902385,0.21701164679097523
img_399,Tomato,healthy,0.0,0.8833945468974318,0.6383730335691998,0.8654106719960859
img_400,Apple,scab,0.875,0.7167319932548135,0.5306883014533549,0.9103649024099172
img_401,Grape,scab,0.875,0.9691215999562568,0.05386034725139077,0.577299227514535
img_402,Apple,scab,0.875,0.26816697117952404,0.8812095982400604,0.28863713023723137
img_403,Apple,blight,1.0,0.9675542698922904,0.3365433572710277,0.5938049151608518
img_404,Tomato,healthy,0.0,0.6184130726281486,0.5483776147356934,0.2959515201151849
img_405,Tomato,scab,0.875,0.14483653265865862,0.23295211195549803,0.3872289864752535
img_406,Tomato,blight,1.0,0.39625433406373545,0.9373788379224505,0.7332898181614491
img_407,Grape,scab,0.875,0.870717031559497,0.39223235854360333,0.11124293355141851
img_408,Tomato,blight,1.0,0.501125737466083,0.19635212655792128,0.9798477736118489
img_409,Grape,blight,1.0,0.5247885545450028,0.06306338576325064,0.1089394361680879
img_410,Tomato,healthy,0.0,0.4432008913022746,0.9615467277012947,0.11207559619740926
img_411,Tomato,scab,0.875,0.12741245866861328,0.6540816657995528,0.9567588657968149
img_412,Grape,blight,1.0,0.28048994450939085,0.024573451670073545,0.1682942722039114
img_413,Apple,scab,0.875,0.20344895083711828,0.19502794702795853,0.9768416162345179
img_414,Tomato,healthy,0.0,0.2845524142700499,0.5857928129751158,0.46879085403890847
img_415,Tomato,scab,0.875,0.4750592445611996,0.41255772503492766,0.22459693797656147
img_416,Apple,scab,0.875,0.3691996135046926,0.9313215301536069,0.2739049608069706
img_417,Apple,healthy,0.0,0.5856229436103049,0.25398349377648155,0.34758429482054537
img_418,Apple,healthy,0.0,0.007635943000923604,0.7910620145884882,0.3361480007287972
img_419,Grape,blight,1.0,0.95682495429285,0.41094492866641585,0.38585597095355695
img_420,Tomato,blight,1.0,0.5169472356958897,0.15613254627371628,0.0924093106142697
img_421,Grape,blight,1.0,0.751801297850967,0.8175809592677707,0.39307333677291895
img_422,Apple,scab,0.875,0.946615234351891,0.9878183154408079,0.879364699869307
img_423,Grape,blight,1.0,0.500168374665465,0.6892961381601364,0.504927582344167
img_424,Apple,blight,1.0,0.8040442665771622,0.4061909647438426,0.41748155881212545
img_425,Tomato,healthy,0.0,0.7404703132202456,0.23166889172189392,0.891713469699909
img_426,Tomato,scab,0.875,0.7392261475526772,0.8406298588369218,0.14667758250513474
img_427,Tomato,scab,0.875,0.9097932023037151,0.4673161692020159,0.32298548244506264
img_428,Grape,scab,0.875,0.3070166056533688,0.230086473145877,0.2582522183214416
img_429,Grape,blight,1.0,0.9497092993461693,0.07455342601918111,0.6039151047617362
img_430,Apple,healthy,0.0,0.6292946257294765,0.003461266183006612,0.8817956250370391
img_431,Grape,healthy,0.0,0.16215047273350452,0.5215106411228064,0.675025077800232
img_432,Tomato,scab,0.875,0.18049419284985443,0.725125532333572,0.6500013377850453
img_433,Grape,blight,1.0,0.03195465948399019,0.6415086341944755,0.9374411045396034
img_434,Tomato,blight,1.0,0.18922392929644027,0.5477843093923369,0.5487892212666665
img_435,Grape,scab,0.875,0.18479958486380915,0.9197816280718425,0.3933946521233613
img_436,Tomato,blight,1.0,0.04103604009318958,0.7313628619125884,0.03070459284968858
img_437,Tomato,scab,0.875,0.3420839289341474,0.8305609058244562,0.17667985277114326
img_438,Grape,blight,1.0,0.6353953384819664,0.8480806632637177,0.9442663528888595
img_439,Tomato,healthy,0.0,0.9542659360317357,0.1304305273427088,0.868094257624662
img_440,Grape,healthy,0.0,0.8754188802319794,0.8327301982256083,0.12493630958608598
img_441,Grape,healthy,0.0,0.03178872991142759,0.7343908396281346,0.9035686707858108
img_442,Apple,blight,1.0,0.7755260990755367,0.8993701078407482,0.3022959766637544
img_443,Apple,scab,0.875,0.14047248837131626,0.44131254240252293,0.4938198159048674
img_444,Grape,blight,1.0,0.4069792717324662,0.534454528733225,0.1970088021006387
img_445,Grape,scab,0.875,0.9929384013505932,0.9961760638329256,0.6743992139040291
img_446,Tomato,blight,1.0,0.9720061918366564,0.7706820868896445,0.12002380687810196
img_447,Tomato,scab,0.875,0.1512698134764048,0.31995911658050785,0.14961018704040818
img_448,Grape,scab,0.875,0.07037206516091772,0.9477267977446456,0.529739733384601
img_449,Grape,blight,1.0,0.2887063969498608,0.45879163401088513,0.8934173431373338
img_450,Tomato,healthy,0.0,0.974503036783663,0.49889135428008763,0.43910993444539637
img_451,Apple,scab,0.875,0.03773312687971723,0.6185343231547336,0.2627823181903245
img_452,Grape,scab,0.875,0.05941059467957013,0.09686918696478139,0.5301053676486496
img_453,Tomato,scab,0.875,0.7305543119513319,0.5102539128073145,0.836370177896252
img_454,Apple,blight,1.0,0.500736823474299,0.4188662805703631,0.9317374312871982
img_455,Apple,scab,0.875,0.9994526560748161,0.5572974995273401,0.6662651535351876
img_456,Tomato,healthy,0.0,0.8707854689516629,0.27509593563995577,0.8670284115798428
img_457,Tomato,blight,1.0,0.24806394850565558,0.1583373537025132,0.7890181905928602
img_458,Apple,healthy,0.0,0.1985170326929218,0.17600508949233862,0.8369463179905405
img_459,Apple,blight,1.0,0.772436398160717,0.8419411537688474,0.5172474084765635
img_460,Apple,healthy,0.0,0.6725758477338513,0.6354514146255839,0.9768814204605469
img_461,Apple,blight,1.0,0.5112142775475785,0.5200385370806145,0.20486727241566755
img_462,Tomato,healthy,0.0,0.7172322409398377,0.06348443511207608,0.9354318828686059
img_463,Tomato,scab,0.875,0.2534369169711696,0.029810169511173008,0.3426666701925454
img_464,Grape,healthy,0.0,0.9440314576129338,0.7456187743123863,0.16347269515272475
img_465,Apple,scab,0.875,0.06529874576434355,0.3512909308571596,0.46257987610318196
img_466,Apple,blight,1.0,0.22514556628556429,0.5387700717176114,0.5890991434471302
img_467,Tomato,healthy,0.0,0.14603193267333597,0.19264681648082185,0.049573760143975035
img_468,Grape,blight,1.0,0.2192269830858019,0.3677395189691368,0.7727109051811816
img_469,Grape,scab,0.875,0.47254674126869417,0.40304920080851037,0.5546181085779589
img_470,Apple,scab,0.875,0.09212843244015777,0.6138550335207704,0.029124738717290558
img_471,Apple,blight,1.0,0.03339222322684521,0.7169310734642523,0.5029741416131737
img_472,Apple,blight,1.0,0.0002722922687490425,0.9841378465533712,0.09290338420432974
img_473,Tomato,healthy,0.0,0.8429160512262674,0.5974655590366122,0.2699584919875188
img_474,Tomato,healthy,0.0,0.6778205253315082,0.03354922802318856,0.02720752534318581
img_475,Apple,scab,0.875,0.19110106628336776,0.32712447801778244,0.8997013806113101
img_476,Grape,scab,0.875,0.24501418031642688,0.7154372120803268,0.7885652218593104
img_477,Grape,blight,1.0,0.74717588567106,0.8481460175898033,0.3907732949206656
img_478,Grape,blight,1.0,0.5707109795218174,0.089528248827605,0.09000038413590049
img_479,Apple,blight,1.0,0.6721802664672967,0.0701966627087923,0.09875178425618077
img_480,Apple,healthy,0.0,0.5972434397411299,0.3342451048548694,0.7816022695532165
img_481,Grape,healthy,0.0,0.5829661002347716,0.046095322628080984,0.21962668235381005
img_482,Grape,blight,1.0,0.6919253897389832,0.35468038285856357,0.8006027186277429
img_483,Grape,blight,1.0,0.22473175281201807,0.9384020451526298,0.1569041529414542
img_484,Grape,blight,1.0,0.8448709885166262,0.7196249346985363,0.2117926351307383
img_485,Tomato,blight,1.0,0.6039572652380262,0.17185790379397103,0.29452334695666
img_486,Apple,healthy,0.0,0.2845821082407003,0.7597807899376201,0.05605997314460911
img_487,Apple,healthy,0.0,0.7743330143128208,0.09033505631028174,0.970355542533309
img_488,Apple,scab,0.875,0.6281431378422555,0.811618140891443,0.866950469423251
img_489,Apple,scab,0.875,0.9406415111329408,0.6372291507978705,0.6878496659785893
img_490,Grape,blight,1.0,0.7921139794508825,0.17140971027093257,0.3286091772693246
img_491,Grape,blight,1.0,0.19954610994614855,0.3834463383745929,0.12112975017447239
img_492,Tomato,healthy,0.0,0.15747454816805376,0.5516347895853381,0.3179851540928735
img_493,Grape,blight,1.0,0.5315389749021227,0.5233383003033962,0.644639392050141
img_494,Grape,scab,0.875,0.6328734846197094,0.14072129134045933,0.31059296140837267
img_495,Grape,blight,1.0,0.3466371349165894,0.8729554007410051,0.8512644324878345
img_496,Tomato,blight,1.0,0.9874568870062316,0.10415392568479705,0.38500148028063874
img_497,Apple,blight,1.0,0.07624500313198473,0.03698013272268155,0.6117169757120806
img_498,Tomato,scab,0.875,0.8078910985277381,0.8706943218003186,0.12528993966793445
img_499,Grape,healthy,0.0,0.2488007519839688,0.2950171866915793,0.21225758653582505
img_500,Tomato,blight,1.0,0.7222555787372192,0.1798532160488077,0.3016974873920084
img_501,Apple,scab,0.875,0.21922835661614784,0.8297092895483116,0.4832465870610616
img_502,Grape,scab,0.875,0.3662790317605942,0.7412452533569863,0.6872684796600015
img_503,Tomato,scab,0.875,0.4412621679817565,0.5214947350383481,0.8826772654816475
img_504,Tomato,healthy,0.0,0.9233335856086256,0.39770953434599476,0.833902401924915
img_505,Grape,blight,1.0,0.5521854209971749,0.11208873039514383,0.5299930969521705
img_506,Grape,healthy,0.0,0.28889718778996354,0.3956734791745804,0.6245427325661257
img_507,Grape,healthy,0.0,0.6074357646006893,0.7424481659267615,0.6889703623317882
img_508,Apple,healthy,0.0,0.6553224709343658,0.7162823558762758,0.806070218885135
img_509,Apple,healthy,0.0,0.9603461512104589,0.3463406297488474,0.4881278737791585
img_510,Tomato,scab,0.875,0.12253978503575887,0.6006536490531643,0.24098755291262935
img_511,Apple,healthy,0.0,0.6635917619220465,0.31136417516867837,0.8714872358380945
img_512,Tomato,blight,1.0,0.273169619183632,0.8449948124361168,0.06405633177821728
img_513,Grape,scab,0.875,0.05385398281724617,0.48229006733184554,0.23650762775633996
img_514,Grape,scab,0.875,0.752129307324371,0.5217955002936634,0.057888283725200065
img_515,Tomato,blight,1.0,0.4447736726578338,0.1739630268820594,0.5744930946185745
img_516,Apple,scab,0.875,0.4865879729513106,0.47533522903662884,0.4360804581193176
img_517,Grape,healthy,0.0,0.5609440807438322,0.5522512650063583,0.4487980999935437
img_518,Apple,blight,1.0,0.6329309415504352,0.9070303999945327,0.2815412965903271
img_519,Grape,scab,0.875,0.384835518834329,0.12164702375978621,0.4594993214761201
img_520,Tomato,blight,1.0,0.19757327023107066,0.42667858123858593,0.32061446428797374
img_521,Tomato,healthy,0.0,0.1907490753668531,0.3970605889309168,0.06471282683673682
img_522,Grape,healthy,0.0,0.2244732937415073,0.7934003868114732,0.2271201179180167
img_523,Apple,healthy,0.0,0.8701712340691485,0.42676629980758796,0.6092222122879272
img_524,Tomato,healthy,0.0,0.010847171182754512,0.3464424187346001,0.09764719240893614
img_525,Tomato,healthy,0.0,0.4536824172576863,0.6127711985724489,0.8194420715421578
img_526,Tomato,scab,0.875,0.16335076005071256,0.3358458191944777,0.4738981412710998
img_527,Apple,scab,0.875,0.7176779868942109,0.525674254895629,0.8134135068238548
img_528,Tomato,scab,0.875,0.8345867573269933,0.14491061214169756,0.7227658083590338
img_529,Tomato,healthy,0.0,0.3207945270676435,0.39069896674182125,0.29384449886298936
img_530,Apple,scab,0.875,0.07337512565393857,0.7623947388860437,0.836961488461992
img_531,Grape,scab,0.875,0.9083202558805238,0.8409630154924495,0.993386188952651
img_532,Tomato,healthy,0.0,0.07534226899139905,0.0844746117264996,0.27566037006366734
img_533,Apple,blight,1.0,0.7285709426751206,0.6582044337192606,0.17124486110103582
img_534,Grape,healthy,0.0,0.48436335300113226,0.84282231897824,0.8911136186053508
img_535,Grape,healthy,0.0,0.5860711307839019,0.05902031581983183,0.12338903972492693
img_536,Apple,healthy,0.0,0.707425941102005,0.5381900851386415,0.7614316002128063
img_537,Apple,healthy,0.0,0.03099855230301504,0.26281392495306743,0.7815835909430229
img_538,Grape,scab,0.875,0.6116257243897708,0.35746794703956686,0.5015607990705284
img_539,Grape,scab,0.875,0.4152933541200737,0.31860726267643935,0.46627240006646326
img_540,Apple,scab,0.875,0.6573203525420263,0.9363324475016256,0.43449218766519465
img_541,Grape,blight,1.0,0.563352485288036,0.08805442963647625,0.22814640203710165
img_542,Grape,healthy,0.0,0.5188355987531428,0.23966693094147062,0.506324515202905
img_543,Grape,blight,1.0,0.9754381902839652,0.34663237514992323,0.6101615756506831
img_544,Grape,healthy,0.0,0.9255763583308322,0.8360460803357481,0.4917754694063229
img_545,Apple,scab,0.875,0.847440631515533,0.9431339334110105,0.07867456443752878
img_546,Tomato,healthy,0.0,0.7973643154682246,0.3398175020628727,0.2222008437308751
img_547,Tomato,scab,0.875,0.0531289820096626,0.4432189633090357,0.27191353218127085
img_548,Apple,scab,0.875,0.5767823868827755,0.8528992257486301,1.0
img_549,Tomato,healthy,0.0,0.14160683687470466,0.8716809285151892,0.5640916950499375
img_550,Apple,healthy,0.0,0.2122530863651226,0.7236083820891813,0.7678451717733648
img_551,Apple,blight,1.0,0.6175446496261041,0.8620651809676165,0.2775415681288356
img_552,Apple,healthy,0.0,0.04074853655755079,0.8886021564110037,0.13582985662544128
img_553,Tomato,blight,1.0,0.4432964056822637,0.41937911279900936,0.517189115353218
img_554,Apple,healthy,0.0,0.5553431096622002,0.4738419799429755,0.34659792923717436
img_555,Tomato,scab,0.875,0.8330938258310906,0.01222777686906335,0.7154017214779642
img_556,Grape,scab,0.875,0.4740440128990788,0.4975288542697189,0.6342091797159028
img_557,Grape,scab,0.875,0.5956662167618774,0.5623646310692483,0.6669586775813525
img_558,Tomato,healthy,0.0,0.8309493168726648,0.5762566453372063,0.6169639261988771
img_559,Grape,scab,0.875,0.16966782395432298,0.30316083419761997,0.014934795056655896
img_560,Grape,blight,1.0,0.9511560512895112,0.9365940672916954,0.8125469566073056
img_561,Tomato,scab,0.875,0.9149936841478501,0.3456608504053158,0.31653150871340896
img_562,Tomato,healthy,0.0,0.10731630210566773,0.7797666066111607,0.4328722721557169
img_563,Grape,scab,0.875,0.06146355896617754,0.30185702240098766,0.20792112649999445
img_564,Apple,blight,1.0,0.6160544543845619,0.3080661581330845,0.6821670382548954
img_565,Tomato,scab,0.875,0.49050010812607825,0.03138198048288745,0.5871103098463517
img_566,Apple,scab,0.875,0.9501632575643479,0.3506236168814319,0.9537485506897283
img_567,Tomato,blight,1.0,0.705751138792811,0.37387847526659185,0.6546767963770062
img_568,Apple,scab,0.875,0.4028426137936651,0.6733548492410286,0.2787990097546176
img_569,Tomato,blight,1.0,0.9166778870423526,0.9502481662442689,0.5898963727443671
img_570,Apple,blight,1.0,0.7070114155510822,0.9386086757365355,0.7198708935813112
img_571,Tomato,scab,0.875,0.7690691122887797,0.30953834449879686,0.11472102962657353
img_572,Apple,blight,1.0,0.7201709700799721,0.7953527300501578,0.2588331094857798
img_573,Tomato,blight,1.0,0.2443006666393906,0.09460300740858232,0.05527816547157106
img_574,Grape,scab,0.875,0.7076342351709102,0.30043836892206466,0.9769344383657468
img_575,Apple,scab,0.875,0.050968959047251905,0.21815552941379476,0.9257628308576118
img_576,Grape,healthy,0.0,0.40757106464252324,0.4863571615906924,0.3479065395789421
img_577,Apple,healthy,0.0,0.6783881945130662,0.5858057947671085,0.7179026235198249
img_578,Grape,scab,0.875,0.5750476919791568,0.3104278245851969,0.10092684604679263
img_579,Apple,healthy,0.0,0.045408102949514244,0.36574506761353254,0.601704240884722
img_580,Apple,blight,1.0,0.3113907912180719,0.7389760982396135,0.08697004129128234
img_581,Tomato,healthy,0.0,0.5646347757307739,0.7517999022190622,0.2742704007722235
img_582,Apple,scab,0.875,0.07854360738629618,0.9366731633551995,0.2646399294044795
img_583,Apple,scab,0.875,0.03950511814393948,0.6334619894354095,0.5671898461998912
img_584,Grape,healthy,0.0,0.8631379453694862,0.6062124149451135,0.06185445751434153
img_585,Tomato,scab,0.875,0.37302327570268834,0.7072613227960431,0.7420959145626371
img_586,Tomato,healthy,0.0,0.7919455380547491,0.25940090455285114,0.08153159361053766
img_587,Tomato,healthy,0.0,0.08860890787298036,0.42190836032756224,0.6179605535799615
img_588,Tomato,healthy,0.0,0.7576917171086337,0.03939358366029383,0.8295357306236624
img_589,Apple,healthy,0.0,0.7583462932884393,0.30329915266514207,0.7200297149722228
img_590,Apple,healthy,0.0,0.8296811564447646,0.6440281705206802,0.06019095014585117
img_591,Tomato,blight,1.0,0.9843583283418932,0.4083948301329769,0.8351475276598419
img_592,Grape,scab,0.875,0.5457228427749244,0.645084633960461,0.8551924400201396
img_593,Grape,healthy,0.0,0.965331459118852,0.06352448294145964,0.9965436842794271
img_594,Tomato,blight,1.0,0.24611063284813423,0.16407302675852997,0.6151018556071262
img_595,Tomato,blight,1.0,0.9655807145827422,0.1537413198093653,0.5878827876310893
img_596,Apple,scab,0.875,0.6048509596553171,0.565176269294268,0.10745156747110987
img_597,Apple,healthy,0.0,0.6141167815824176,0.23677617813825594,0.9507493969812448
img_598,Grape,blight,1.0,0.414072558105643,0.5704436271620793,0.7542089268112901
img_599,Tomato,healthy,0.0,0.6444257336212341,0.6611594741154624,0.086048066202669
img_600,Grape,healthy,0.0,0.07365962592726398,0.8429552679242287,0.7988745452674244
img_601,Grape,healthy,0.0,0.3099979016562054,0.5737713216036889,0.8019069669566299
img_602,Tomato,healthy,0.0,0.6929823843123641,0.6911959293613346,0.6713186598371692
img_603,Apple,blight,1.0,0.7560130233561627,0.38059059330099704,0.5504645947948335
img_604,Tomato,healthy,0.0,0.7450043724606674,0.5173092680732905,0.9501394261248
img_605,Apple,blight,1.0,0.05013794960948119,0.8266690279797683,0.2344885956619618
img_606,Grape,healthy,0.0,0.9862916445095679,0.1349937509494219,0.28335274977283914
img_607,Grape,healthy,0.0,0.8610955876865836,0.3160671596986431,0.3932271197502232
img_608,Grape,healthy,0.0,0.5144462678836473,0.28662442624566403,0.3289448183348309
img_609,Apple,scab,0.875,0.3945633096813366,0.877371112071079,0.8142339141472787
img_610,Tomato,healthy,0.0,0.1998579091738694,0.8614119942660994,0.3183319048998023
img_611,Grape,blight,1.0,0.2646693864975763,0.3644370805405901,0.23489433875004262
img_612,Apple,scab,0.875,0.638183159963097,0.5677524248112173,0.6587367785774039
img_613,Apple,scab,0.875,0.5135855482253721,0.04469837022017187,0.35835524966713456
img_614,Tomato,blight,1.0,0.2791759626713464,0.7457528619506433,0.5244616296612201
img_615,Tomato,healthy,0.0,0.9095819467219596,0.09700433790356157,0.33732852709042715
img_616,Tomato,scab,0.875,0.010836683898203834,0.5428256873579177,0.9004041133846945
img_617,Grape,scab,0.875,0.4477344512573211,0.558586970018788,0.5854266506712353
img_618,Tomato,scab,0.875,0.14452355908081763,0.35271430634366563,0.21506147836091355
img_619,Tomato,blight,1.0,0.018507362303262997,0.4857988130304207,0.7216030654726187
img_620,Apple,healthy,0.0,0.8225943578633406,0.7549493957528298,0.7307800948619474
img_621,Apple,blight,1.0,0.8093052395261504,0.605516006978785,0.9326892297312288
img_622,Tomato,scab,0.875,0.9861690101272477,0.8554230353365831,0.3556933876907866
img_623,Grape,healthy,0.0,0.21683175196166932,0.8133209771229868,0.921956942441778
img_624,Apple,healthy,0.0,0.27014905968927894,0.20574516138682258,0.27661554829933377
img_625,Grape,blight,1.0,0.5779210256949103,0.30411745240947047,0.2938524347319843
img_626,Tomato,healthy,0.0,0.9251293886019004,0.6219338814362555,0.005446747302499621
img_627,Apple,scab,0.875,0.0029480368887763423,0.6325137968825623,0.1244766804899842
img_628,Tomato,scab,0.875,0.465441412159413,0.4552248665953212,0.8703054844322584
img_629,Apple,blight,1.0,0.8617889847440282,0.5500597113902342,0.603426869757318
img_630,Apple,blight,1.0,0.715215220081955,0.33964408330005275,0.698973258254469
img_631,Tomato,healthy,0.0,0.9432241661594151,0.1465404125931493,0.8021067188670459
img_632,Tomato,blight,1.0,0.04838155058699509,0.8109864347238389,0.1537556121160106
img_633,Grape,blight,1.0,0.2717872916182436,0.6453986154441917,0.37804266241784695
img_634,Grape,scab,0.875,0.8029877719610721,0.7417909790344502,0.7836393808923254
img_635,Apple,blight,1.0,0.31335434169120047,0.8018908053529055,0.46464792455877246
img_636,Apple,scab,0.875,0.5864875309003051,0.3045085972080858,0.4922051539488166
img_637,Apple,healthy,0.0,0.17196034153104006,0.6310831845999375,0.7594995263099533
img_638,Apple,healthy,0.0,0.9072263289673698,0.011953601479376595,0.620461789989585
img_639,Tomato,scab,0.875,0.5817898818776025,0.4656547164357596,0.6795066489181756
img_640,Apple,scab,0.875,0.8120533881354153,0.8212180846982798,0.8488393151817977
img_641,Grape,scab,0.875,0.6141251349548819,0.042127366777679684,0.03389614704793988
img_642,Grape,blight,1.0,0.6525245467198781,0.5354072144436802,0.4514727953636262
img_643,Tomato,scab,0.875,0.18330334500520734,0.7302203975452988,0.5507270622778477
img_644,Apple,blight,1.0,0.8111759275529594,0.5768290214217298,0.21155008709534612
img_645,Apple,scab,0.875,0.7291278682719768,0.2707697199649402,0.34982399802495096
img_646,Apple,healthy,0.0,0.11441803389119827,0.00010370977480346271,0.7738729008851706
img_647,Grape,blight,1.0,0.629587858589272,0.591842497701144,0.7635586204985381
img_648,Grape,healthy,0.0,0.6841877551147381,0.6064000393702421,0.017074152701075377
img_649,Grape,scab,0.875,0.40153244325395426,0.21429544734713862,0.49150468024414806
img_650,Apple,blight,1.0,0.07927814817681368,0.9136417276321346,0.8256068968642687
img_651,Apple,scab,0.875,0.5941105991871813,0.8306643213323557,0.37865218955083174
img_652,Tomato,scab,0.875,0.49461347754825497,0.69433431228821,0.11682873355027537
img_653,Tomato,healthy,0.0,0.9625426801904036,0.7539662624691835,0.5377933459409387
img_654,Grape,healthy,0.0,0.42126000835408034,0.940686455155648,0.4396595948357308
img_655,Tomato,blight,1.0,0.3680176643358129,0.9987556595499999,0.9885200892668333
img_656,Apple,scab,0.875,0.2128231283677056,0.26323955010204525,0.0730818912134792
img_657,Apple,scab,0.875,0.11936541057729666,0.6327255924450502,0.9205471502660683
img_658,Apple,blight,1.0,0.8588133393287115,0.2486565991105227,0.6286149306861091
img_659,Grape,blight,1.0,0.7409335160183671,0.8356469602831438,0.6104896509778219
img_660,Apple,blight,1.0,0.9861759199434044,0.16577200402751047,0.5588340602389852
img_661,Tomato,blight,1.0,0.08864716011503108,0.27611505843772477,0.2598140101135719
img_662,Apple,healthy,0.0,0.23349593039780484,0.6258868326110018,0.7346034861309938
img_663,Tomato,healthy,0.0,0.6040539254776082,0.4482945839464632,0.4334320100979566
img_664,Apple,healthy,0.0,0.16480897389612104,0.5063018522387547,0.8826119462148669
img_665,Apple,blight,1.0,0.9640491304003166,0.8823898977632526,0.44264071936764726
img_666,Apple,blight,1.0,0.810788265768199,0.6146455971730388,0.19001239759611827
img_667,Grape,blight,1.0,0.21529369607796603,0.7736652169819838,0.6998275551012647
img_668,Tomato,healthy,0.0,0.23735557108030544,0.6721182348878615,0.14715625850219125
img_669,Tomato,scab,0.875,0.4351025152639822,0.2509473941407763,0.20271008990668415
img_670,Apple,scab,0.875,0.30087040689083155,0.6161196956988286,0.6403389409571378
img_671,Apple,healthy,0.0,0.5820368128297598,0.47090799918482573,0.7635628896532636
img_672,Tomato,blight,1.0,0.020991323064705757,0.6018956722572185,0.9017818927477428
img_673,Tomato,scab,0.875,0.16757635597763643,0.9267654452852037,0.913751075857955
img_674,Grape,healthy,0.0,0.3282006559773273,0.7515836383586934,0.8514839584294973
img_675,Tomato,scab,0.875,0.5806439466863796,0.32552117575173894,0.6301663047637145
img_676,Grape,blight,1.0,0.16631504417595253,0.1561616487700115,0.972618548527614
img_677,Tomato,blight,1.0,0.29942389886087895,0.2979407206010351,0.3494006876570728
img_678,Tomato,healthy,0.0,0.7329199642665827,0.17072805000836572,0.3107307023395025
img_679,Grape,scab,0.875,0.81568406007241,0.6627452961490057,0.332564048727608
img_680,Tomato,blight,1.0,0.9541599866834164,0.0787389099628933,0.12594504389868277
img_681,Tomato,healthy,0.0,0.3784718487766967,0.8084822329480952,0.20365072015078742
img_682,Tomato,blight,1.0,0.92045693430229,0.9408840269537263,0.15947210843437687
img_683,Apple,scab,0.875,0.055948775998674254,0.48748109048832966,0.9530197787876131
img_684,Apple,scab,0.875,0.9418118264880943,0.6638591632847313,0.557636562914664
img_685,Tomato,blight,1.0,0.09741072556162632,0.8103419034079364,0.06106309413445815
img_686,Tomato,healthy,0.0,0.020996368266600486,0.22596874767138653,0.8715774653782651
img_687,Apple,blight,1.0,0.8438249546847301,0.19230356241290422,0.33580578035823494
img_688,Tomato,healthy,0.0,0.8824435788616566,0.16262896371868485,0.0521377560932473
img_689,Apple,blight,1.0,0.004522619778167069,0.3965511563059196,0.7284633521184927
img_690,Tomato,healthy,0.0,0.2899534797465153,0.9920420468897625,0.4841082163298142
img_691,Tomato,healthy,0.0,0.23354334033093035,0.7555816711751685,0.19002741369312598
img_692,Grape,healthy,0.0,0.9838845915262295,0.9854967423926989,0.3019421898933599
img_693,Tomato,healthy,0.0,0.46379414665867497,0.36816579813596506,0.4308435037237693
img_694,Apple,scab,0.875,0.12615176031331957,0.9496129854829739,0.6563352671901894
img_695,Apple,healthy,0.0,0.8701627161346299,0.3175028131516698,0.9446638789237378
img_696,Tomato,scab,0.875,0.8152905020088215,0.7389202865931352,0.1544835662691147
img_697,Grape,blight,1.0,0.3626497868811894,0.24418784393598703,0.9247752059623733
img_698,Grape,scab,0.875,0.7059802185693393,0.5134072472250784,0.9023893175720448
img_699,Tomato,blight,1.0,0.5930467742439348,0.9378918632702313,0.6881794679573094
img_700,Tomato,scab,0.875,0.5566631282712976,0.025828856282271617,0.741736891201636
img_701,Grape,scab,0.875,0.7289136553889791,0.8315013825887919,0.8434885063984185
img_702,Apple,scab,0.875,0.401085916813794,0.513284957427514,0.7838350641484115
img_703,Grape,blight,1.0,0.15093329363588603,0.46655692468409315,0.5032470920138914
img_704,Grape,blight,1.0,0.7213238092856009,0.7431187327786092,0.666099491410143
img_705,Apple,scab,0.875,0.16144272953917405,0.9284304166496028,0.12493903877109472
img_706,Apple,scab,0.875,0.41197542723844943,0.4565863752221699,0.8389985201042633
img_707,Apple,blight,1.0,0.5123926810021128,0.13513248772625594,0.5771238092912858
img_708,Apple,healthy,0.0,0.6073233671504096,0.4539053380774097,0.3197418036572876
img_709,Grape,blight,1.0,0.7323386882266381,0.20000769204225702,0.1311465529867874
img_710,Apple,blight,1.0,0.23435909500525243,0.3370962673476618,0.3481835945569158
img_711,Tomato,healthy,0.0,0.16644331922975864,0.14259762059281084,0.9955404150377294
img_712,Grape,scab,0.875,0.3120616544663258,0.6274917412478933,0.9534342830585396
img_713,Grape,blight,1.0,0.767158157312025,0.9227207873830882,0.4237555372235656
img_714,Tomato,scab,0.875,0.03368729481877196,0.7760433809262534,0.38450753431989276
img_715,Apple,scab,0.875,0.17838278623349213,0.8924650493071671,0.14562565297958027
img_716,Tomato,healthy,0.0,0.5774067086834622,0.9674999083492493,0.49359680733275574
img_717,Tomato,blight,1.0,0.29012610183064397,0.9665137691798614,0.8140939124029687
img_718,Grape,scab,0.875,0.7706204563330865,0.3301566455259814,0.6133109477534795
img_719,Apple,scab,0.875,0.04194446938140402,0.9702954509003486,0.5950802775821884
img_720,Apple,blight,1.0,0.10155904886789485,0.3001522178643,0.6927115567031925
img_721,Apple,healthy,0.0,0.9040924520136392,0.8752533892815103,0.5686659577897029
img_722,Tomato,scab,0.875,0.2545434384769703,0.556874385209553,0.6376724459980507
img_723,Grape,scab,0.875,0.3948836115444163,0.2711257435053945,0.7771464995766049
img_724,Apple,blight,1.0,0.4531542956189559,0.9725260051987262,0.06960037991303462
img_725,Tomato,scab,0.875,0.09101955495640558,0.07701060285876589,0.5282249471013876
img_726,Tomato,scab,0.875,0.6410783573110073,0.5728258286160605,0.2431676124721319
img_727,Tomato,blight,1.0,0.3897665857887283,0.6607596234239147,0.33284324247553676
img_728,Tomato,scab,0.875,0.5741324691795258,0.6073026732358677,0.8243849192949289
img_729,Tomato,blight,1.0,0.44988711869482434,0.34222845850356315,0.865367670109076
img_730,Apple,scab,0.875,0.01630974416079556,0.6844602530465256,0.050314788835511055
img_731,Tomato,scab,0.875,0.41098346217652637,0.8495687398121858,0.9030135118035336
img_732,Grape,blight,1.0,0.48292494797411706,0.625533086271388,0.46437219313843975
img_733,Apple,scab,0.875,0.006397726026962175,0.9630772667324934,0.2604971853379709
img_734,Apple,scab,0.875,0.7928799507626231,0.9130048657326845,0.9679119654457187
img_735,Apple,blight,1.0,0.548990382289122,0.31414445597668533,0.9603664847279552
img_736,Grape,scab,0.875,0.9578823719463496,0.9313167418572872,0.5779336409457672
img_737,Tomato,healthy,0.0,0.1347798885034158,0.4353997987513322,0.015380203961082101
img_738,Apple,blight,1.0,0.3133743149420897,0.9243540583353598,0.042778273171439486
img_739,Grape,blight,1.0,0.06665211674367959,0.6361446452676294,0.4811819407005273
img_740,Apple,scab,0.875,0.3005183367300988,0.40183595799233296,0.2465807892228235
img_741,Grape,scab,0.875,0.99010391675493,0.23281262226581445,0.572820275016032
img_742,Grape,scab,0.875,0.03003717562471968,0.47119750848966785,0.278572407138843
img_743,Grape,blight,1.0,0.40245491565606367,0.2771380012835792,0.8144043181243121
img_744,Grape,blight,1.0,0.2514910473837164,0.35973588089901676,0.8607387627061001
img_745,Tomato,scab,0.875,0.22643110057076887,0.7232014982898498,0.23342178242480927
img_746,Grape,healthy,0.0,0.4175650692184937,0.5326893791825525,0.7321568439809902
img_747,Tomato,healthy,0.0,0.14686969034363423,0.4108942322335164,0.1438254143690944
img_748,Tomato,blight,1.0,0.2874383813909388,0.5593674772981412,0.67401211219023
img_749,Apple,healthy,0.0,0.18191273200990302,0.37147617764904184,0.9047889382325465
img_750,Grape,healthy,0.0,0.010778411932560473,0.8308443750708377,0.557030853018387
img_751,Apple,scab,0.875,0.6275975481628546,0.29288077106925003,0.14727736730494706
img_752,Tomato,scab,0.875,0.1728227134216285,0.06171426230049787,0.5836136246864423
img_753,Grape,blight,1.0,0.8122763543132743,0.6209347637208279,0.9516067178910299
img_754,Apple,scab,0.875,0.6716882390415516,0.46128431863463165,0.452959401409805
img_755,Grape,healthy,0.0,0.15274732208062428,0.8218748644456014,0.4148602853172368
img_756,Tomato,scab,0.875,0.17397490633101778,0.08196729359688072,0.7986133012632946
img_757,Grape,scab,0.875,0.7874232848493007,0.9313481518121965,0.3157819048915096
img_758,Grape,blight,1.0,0.5066908367474076,0.9166161414832726,0.0
img_759,Tomato,healthy,0.0,0.6497908191794616,0.8427487358634845,0.24393875372436322
img_760,Apple,blight,1.0,0.5563973248479352,0.6950857290438429,0.07305434322727142
img_761,Grape,blight,1.0,0.45778715015045324,0.3975206166038435,0.6773852195052179
img_762,Apple,healthy,0.0,0.26519703736694716,0.563761620737758,0.8673217152193817
img_763,Apple,healthy,0.0,0.9614882236755025,0.4521441936220431,0.996451877918499
img_764,Grape,healthy,0.0,0.34986992811414624,0.5880930546733594,0.3463723378113874
img_765,Apple,healthy,0.0,0.482310086656663,0.014755093114103827,0.48469644696026654
img_766,Apple,blight,1.0,0.4556766784291823,0.2797256466413259,0.025573001573951332
img_767,Tomato,healthy,0.0,0.6926518548898388,0.5453057442475304,0.6879993337649222
img_768,Tomato,blight,1.0,0.4094590876296902,0.23169126680977248,0.08761928676905043
img_769,Tomato,scab,0.875,0.7145075059948683,0.7479319259499079,0.3751495357880671
img_770,Tomato,scab,0.875,0.7466234034406152,0.5201441968679386,0.7763538195238504
img_771,Apple,healthy,0.0,0.30335347874422464,0.28456860307278525,0.6591015515362999
img_772,Apple,healthy,0.0,0.17387977682706438,0.1664613747166407,0.05304108334266403
img_773,Tomato,healthy,0.0,0.5051884133547846,0.39606237979391945,0.7522389240846663
img_774,Tomato,blight,1.0,0.32129112431760504,0.7722121462804786,0.9205845260289021
img_775,Apple,scab,0.875,0.20156173676151978,0.5775179774803322,0.3919758933530427
img_776,Grape,scab,0.875,0.14677157400451463,0.7871628099389532,0.48268820548575303
img_777,Tomato,healthy,0.0,0.02689706761872117,0.8743801517512515,0.8621832455921286
img_778,Tomato,blight,1.0,0.5539252346333245,0.8277612754156134,0.5358686890633673
img_779,Apple,healthy,0.0,0.6036601566571601,0.5652705389317386,0.1519061846722127
img_780,Tomato,scab,0.875,0.057741501016499996,0.5239618503897373,0.7656775934690203
img_781,Apple,scab,0.875,0.2720370666037953,0.35920300085090945,0.6862849377622899
img_782,Apple,healthy,0.0,0.3620700200907872,0.5459421578710896,0.4248545990035192
img_783,Apple,blight,1.0,0.17792144884669062,0.1934071631938771,0.48518946334482993
img_784,Apple,blight,1.0,0.6613677186222303,0.9280349453611562,0.0647929639415637
img_785,Grape,scab,0.875,0.40715288678403916,0.3621851370091449,0.18946091183455835
img_786,Grape,blight,1.0,0.014884945662142214,0.6712328475506462,0.03819988292351217
img_787,Grape,scab,0.875,0.6602714156260807,0.8809047238701952,0.825839163231638
img_788,Tomato,blight,1.0,0.44263054129083146,0.4610639939784234,0.3949478839104451
img_789,Grape,scab,0.875,0.6763288840965231,0.02284865629681868,0.7845867215479043
img_790,Tomato,blight,1.0,0.3659171611691523,0.34311895689972877,0.2747457728911766
img_791,Apple,blight,1.0,0.790265984110688,0.4303895694367104,0.9289742199223547
img_792,Grape,scab,0.875,0.1900445624980332,0.7645411414221825,0.6184993222807962
img_793,Grape,blight,1.0,0.22051320295693597,0.44020217025476593,0.38686846813775366
img_794,Apple,scab,0.875,0.7269085614320676,0.6802672725347696,0.23572900475942593
img_795,Apple,healthy,0.0,0.6499154156421998,0.34606846840671085,0.8794424276966959
img_796,Grape,healthy,0.0,0.6692763149895917,0.9310982344095577,0.9799258808611306
img_797,Grape,healthy,0.0,0.07176161860481609,0.585684941261081,0.48338652620313965
img_798,Apple,healthy,0.0,0.1759300404244495,0.17545214154164618,0.45769753076677955
img_799,Grape,scab,0.875,0.06937448990161678,0.0032212717031754553,0.8722264592246107
img_800,Apple,scab,0.875,0.004211242935778436,0.20280354965259373,0.27234084387101887
img_801,Grape,scab,0.875,0.7789319537984555,1.0,0.4997692722500027
img_802,Apple,blight,1.0,0.5292278305967858,0.3325115151079422,0.010233982312226783
img_803,Apple,healthy,0.0,0.967189380568379,0.01732345111769165,0.614409220426753
img_804,Apple,healthy,0.0,0.9152418712287105,0.7420263200771553,0.6834034667441786
img_805,Grape,healthy,0.0,0.03158267070264396,0.8359157670644453,0.5303935022107698
img_806,Grape,healthy,0.0,0.4780438903509448,0.35159715701014416,0.26450756051732793
img_807,Tomato,scab,0.875,0.0925414716327679,0.925220501933758,0.19199556380097452
img_808,Tomato,healthy,0.0,0.8021359321476912,0.7381620901177811,0.7055215689033894
img_809,Tomato,blight,1.0,0.5261453689265098,0.5014871344583559,0.7768203321511751
img_810,Tomato,healthy,0.0,0.18340852358236412,0.1075480110195208,0.43661036992630214
img_811,Tomato,healthy,0.0,0.9126762881702071,0.12162172219504884,0.4277928903835002
img_812,Tomato,scab,0.875,0.310606509431894,0.3552944697291976,0.8856871462551044
img_813,Apple,blight,1.0,0.5126157446476561,0.4581093432384746,0.5711265292953949
img_814,Apple,blight,1.0,0.6719927270637038,0.07430606792791353,0.611220788727137
img_815,Grape,scab,0.875,0.5687384048325438,0.2289106217887592,0.13197643387281863
img_816,Grape,healthy,0.0,0.3462503510184808,0.9930695939552214,0.4690646942753248
img_817,Grape,healthy,0.0,0.2517725910151712,0.3147440154856622,0.3297667392884341
img_818,Tomato,scab,0.875,0.5555100998107119,0.4728561133316104,0.3814971268259442
img_819,Grape,blight,1.0,0.6766389799529233,0.7090406949382173,0.8508592705707314
img_820,Grape,healthy,0.0,0.5510618284742651,0.8623875618842243,0.5183520037995775
img_821,Tomato,scab,0.875,0.26414397049291616,0.409010536963336,0.5838684768001141
img_822,Tomato,blight,1.0,0.6813074032829513,0.49746582068015877,0.43572589553380214
img_823,Grape,scab,0.875,0.6816542651202309,0.37027619069678014,0.7777803774522922
img_824,Grape,blight,1.0,0.6841042843921162,0.37777137610987466,0.026887240158474015
img_825,Grape,blight,1.0,0.3855926094767139,0.4299367067246441,0.07509730811104394
img_826,Apple,healthy,0.0,0.7566376547001112,0.869292981775226,0.7124927918016031
img_827,Grape,scab,0.875,0.5592130401935179,0.3980716791127954,0.5546156388072279
img_828,Apple,healthy,0.0,0.08174420437892647,0.6150002426212144,0.14175001937292434
img_829,Tomato,blight,1.0,0.24295862984858727,0.39272778701831057,0.29055367313281055
img_830,Tomato,scab,0.875,0.7956453734701607,0.9730537971421267,0.4443094106926022
img_831,Apple,healthy,0.0,0.05040666160450365,0.6571464209986347,0.7944578819956014
img_832,Tomato,blight,1.0,0.8950666250069901,0.2639268644582603,0.021729906764162525
img_833,Grape,healthy,0.0,0.28668748071761874,0.2917933172469874,0.9463590837181397
img_834,Tomato,scab,0.875,0.977418306048806,0.26993428825122984,0.759297215565333
img_835,Grape,scab,0.875,0.08129006627242549,0.4883065568478544,0.2822691599772654
img_836,Grape,healthy,0.0,0.33570133368587435,0.6064740838781787,0.5528840014523233
img_837,Tomato,blight,1.0,0.04903976851792725,0.14012796513756115,0.35561307305831563
img_838,Grape,blight,1.0,0.4148663208190755,0.5263781379991851,0.5999980961583347
img_839,Apple,scab,0.875,0.9691530919367094,0.0776994887865728,0.19817563795855117
img_840,Tomato,healthy,0.0,0.6496437042178661,0.34213763624900445,0.07680499052260559
img_841,Apple,healthy,0.0,0.2184978807413043,0.4696508119853283,0.7976953945016902
img_842,Tomato,healthy,0.0,0.30381483647675234,0.3565753602634771,0.9888758064595646
img_843,Apple,scab,0.875,0.5946507479351056,0.08307120814354405,0.13407545788580294
img_844,Grape,blight,1.0,0.6716795985654291,0.2821991112315048,0.11796534498032947
img_845,Tomato,scab,0.875,0.20426101092615137,0.2813706615302724,0.002689606668277416
img_846,Apple,healthy,0.0,0.34953470955429106,0.7885478029432047,0.36271466356959686
img_847,Grape,scab,0.875,0.395141404789442,0.3555813413649141,0.3181922720592731
img_848,Grape,blight,1.0,0.7786428020967849,0.5057770792370647,0.376125112325679
img_849,Grape,blight,1.0,0.9959023718963241,0.32719604097418564,0.44532818774204624
img_850,Grape,scab,0.875,0.10545690227347145,0.646532168780328,0.19444440084556483
img_851,Tomato,blight,1.0,0.7654594094242761,0.471585395681212,0.9810651267607073
img_852,Grape,blight,1.0,0.3243805978127837,0.9437892867253036,0.4442000514801673
img_853,Apple,blight,1.0,0.6310893356896008,0.6316009629386076,0.5775683383875254
img_854,Apple,blight,1.0,0.5909094601298625,0.1546534695944082,0.18121000739974774
img_855,Apple,blight,1.0,0.2325797314196654,0.8537366587102497,0.4644449431042445
img_856,Grape,blight,1.0,0.23746696757665187,0.8976691781398146,0.05261682161559681
img_857,Grape,scab,0.875,0.7977448027945483,0.8757659116063649,0.8417170049846379
img_858,Apple,blight,1.0,0.04502755737348758,0.24688451278288798,0.6082668676973968
img_859,Grape,scab,0.875,0.9596774668705187,0.5252844037300151,0.3287612852602213
img_860,Tomato,scab,0.875,0.5713915985066825,0.9949600608051884,0.7522151447111332
img_861,Grape,healthy,0.0,0.5916211593503962,0.08309906499050741,0.7160595170046147
img_862,Tomato,scab,0.875,0.339664605037844,0.5872533783796036,0.2822961465964511
img_863,Tomato,healthy,0.0,0.6172982515352812,0.5653882300695326,0.4085566762215752
img_864,Tomato,scab,0.875,0.5196451995058082,0.07245295555574288,0.46668325568621144
img_865,Grape,blight,1.0,0.7910315469400647,0.5947868256523937,0.536731602942943
img_866,Grape,blight,1.0,0.33639069735809035,0.5557119339716288,0.5490381196573719
img_867,Tomato,scab,0.875,0.005464307324111553,0.7835297900889322,0.7943863288965198
img_868,Apple,scab,0.875,0.2997803386901256,0.6734487237835217,0.22665946588659436
img_869,Tomato,blight,1.0,0.5333309367261005,0.8063614988632339,0.42486558493434
img_870,Tomato,scab,0.875,0.21340581382209983,0.26971675612315027,0.3716348492229933
img_871,Grape,healthy,0.0,0.14540682500509297,0.36423825198963494,0.32901223193174167
img_872,Tomato,healthy,0.0,0.5828118010274125,0.7915340981453748,0.7861742009107937
img_873,Grape,scab,0.875,0.711267992356602,0.547685274863328,0.9260184140418517
img_874,Grape,healthy,0.0,0.05571750698789296,0.08701030979170332,0.017693905078137496
img_875,Grape,blight,1.0,0.6967226546269016,0.2373698983387336,0.4689188002538253
img_876,Grape,scab,0.875,0.8396278177198669,0.9509990651400219,0.3371752102210337
img_877,Apple,healthy,0.0,0.05264917026492039,0.9885638929294532,0.1879373122160668
img_878,Apple,scab,0.875,0.17154243246498443,0.9842469764695015,0.10936210155344986
img_879,Grape,scab,0.875,0.003817362364100209,0.9297390847240401,0.7816464209256464
img_880,Tomato,healthy,0.0,0.06773628174132551,0.09707695985833076,0.3560575730144568
img_881,Grape,scab,0.875,0.03827808084673585,0.77271813713981,0.7661579948580033
img_882,Tomato,scab,0.875,0.06706817675631102,0.7706735558716941,0.06121434480994094
img_883,Grape,blight,1.0,0.6091802478780862,0.21204711901192116,0.5305115350708964
img_884,Tomato,blight,1.0,0.9976776220223919,0.30163106557862934,0.8813742930240775
img_885,Tomato,scab,0.875,0.7123915148620322,0.360280210952546,0.2576000014885398
img_886,Grape,scab,0.875,0.8916297411930283,0.7441650100096159,0.7441713252159998
img_887,Tomato,healthy,0.0,0.48860292018568346,0.2192307328283167,0.6400342791220295
img_888,Grape,scab,0.875,0.28704389194515767,0.6675817542689402,0.6312614606146778
img_889,Grape,healthy,0.0,0.28656352688594466,0.6599614513397327,0.7689909961849328
img_890,Grape,blight,1.0,0.7448950799255143,0.11039953974188686,0.9809276965655631
img_891,Grape,blight,1.0,0.12042443903057001,0.44294446527817516,0.06997702310609803
img_892,Tomato,scab,0.875,0.050907888941078845,0.5716454514281472,0.9577765274198156
img_893,Apple,scab,0.875,0.41896914833511656,0.5832078176326659,0.6442234843177135
img_894,Tomato,healthy,0.0,0.012773649646074926,0.3733637814577914,0.9677428911041159
img_895,Grape,healthy,0.0,0.9936107847581152,0.6681834910200166,0.6562429338447333
img_896,Apple,scab,0.875,0.8914863961546137,0.7148817779740656,0.6346783013151691
img_897,Tomato,scab,0.875,0.4325472334785184,0.77510411189818,0.3085541385117254
img_898,Grape,blight,1.0,0.38498033515536234,0.3280196083657893,0.37830506992551316
img_899,Grape,blight,1.0,0.16643419941604493,0.7493816609292252,0.8642933011291094
img_900,Apple,healthy,0.0,0.3828583261785094,0.0746655239287475,0.504007154945386
img_901,Apple,scab,0.875,0.9609105743013697,0.6030288766916071,0.7109627790849022
img_902,Grape,scab,0.875,0.035877140971314364,0.655897819338547,0.6603312045960248
img_903,Apple,blight,1.0,0.3584290019061704,0.23263811083361113,0.8260632642269266
img_904,Grape,healthy,0.0,0.44403251142203803,0.1944227760398667,0.5962034380597592
img_905,Apple,scab,0.875,0.8063846026911736,0.008175748378564647,0.39288418972499745
img_906,Apple,healthy,0.0,0.9462408776140866,0.5029764901583087,0.35958605027592977
img_907,Tomato,healthy,0.0,0.5563762908065276,0.3829903455139547,0.09840632898500742
img_908,Apple,blight,1.0,0.4917197141179633,0.17783967362032901,0.9798013762526525
img_909,Grape,healthy,0.0,0.5751892931191515,0.6085139334038527,0.5395336077958359
img_910,Grape,scab,0.875,0.06763242622121443,0.43266145553151475,0.3391252503245374
img_911,Tomato,blight,1.0,0.6459291826664604,0.41195923731609047,0.9036344097917084
img_912,Apple,blight,1.0,0.4347208647398022,0.479039694583357,0.04158540928189132
img_913,Grape,scab,0.875,0.8663676525485322,0.1015541671983224,0.9399981181525461
img_914,Tomato,scab,0.875,0.6566693943972833,0.5210797192642366,0.2553617974128665
img_915,Grape,blight,1.0,0.12290884217769828,0.36629148145294976,0.5724564350819592
img_916,Apple,scab,0.875,0.975264212563541,0.037049205059980335,0.1385651616904455
img_917,Grape,scab,0.875,0.8697262022853054,0.3661838177526725,0.6989235443148187
img_918,Apple,scab,0.875,0.5527530707793349,0.13907506425495128,0.16298528508439672
img_919,Tomato,healthy,0.0,0.06804065584693363,0.12100479814900793,0.21724434652749902
img_920,Grape,scab,0.875,0.1752875344328477,0.5175396280010067,0.49850704356548187
img_921,Grape,scab,0.875,0.7481521393209519,0.6582449938718206,0.16719411505660725
img_922,Grape,blight,1.0,0.6176297199726665,0.4324598268584995,0.248836257650489
img_923,Grape,healthy,0.0,0.7564766072830438,0.5540760178613647,0.3695253647135953
img_924,Grape,scab,0.875,0.7446490443105865,0.8615229422780981,0.3060536166615015
img_925,Tomato,scab,0.875,0.6970264003039081,0.3124652598983073,0.5788254371909012
img_926,Apple,blight,1.0,0.695875727985539,0.7615932420555175,0.2677581108674883
img_927,Apple,blight,1.0,0.7903168679907373,0.8265524140086667,0.014766807414835312
img_928,Apple,scab,0.875,0.8436291692016444,0.7497608249233284,0.4464625026221155
img_929,Grape,healthy,0.0,0.12792296292101885,0.19726866882692426,0.15455860412081904
img_930,Tomato,scab,0.875,0.492880803754481,0.30309475059695873,0.6105399658156159
img_931,Apple,scab,0.875,0.8747973335231934,0.571522092608845,0.44629843328701435
img_932,Apple,scab,0.875,0.18288795437044286,0.8170613560278605,0.03688510085982659
img_933,Grape,blight,1.0,0.34928839802918255,0.5916137325330432,0.4079458842916646
img_934,Apple,healthy,0.0,0.8751489047204475,0.9454710330312867,0.17952774233856725
img_935,Grape,scab,0.875,0.17448666714594757,0.18190959870344417,0.11441699120342398
img_936,Grape,healthy,0.0,0.8280585483484582,0.7268081015720433,0.6827191770613366
img_937,Grape,healthy,0.0,0.38675228237486037,0.6342178552322374,0.6618784838464862
img_938,Apple,scab,0.875,0.2479131082111309,0.8743577414280689,0.22089807871066855
img_939,Tomato,healthy,0.0,0.5790737077593515,0.7257901733062848,0.17308914067430564
img_940,Tomato,healthy,0.0,1.0,0.5931726091897904,0.27251778342918365
img_941,Tomato,blight,1.0,0.9818343118145454,0.49232104879270855,0.505447526303213
img_942,Apple,healthy,0.0,0.7020092613745247,0.9511946035944109,0.8526417040866123
img_943,Apple,blight,1.0,0.8555662386665353,0.10271681366784806,0.7678393323301012
img_944,Grape,blight,1.0,0.8226490173994543,0.44353663445030667,0.10240838848536865
img_945,Tomato,healthy,0.0,0.9662235533824345,0.37577593038699075,0.8632552437133851
img_946,Apple,healthy,0.0,0.04386858623464751,0.48893311181883137,0.31882127648704417
img_947,Apple,healthy,0.0,0.31302029476609217,0.2805904686213133,0.014922436863040053
img_948,Grape,scab,0.875,0.7871097592746962,0.6255550130130021,0.17185828310831452
img_949,Grape,healthy,0.0,0.1698798236287029,0.49044230735507954,0.4759733035576882
img_950,Grape,scab,0.875,0.8518171592844245,0.9540858066155826,0.11876329968332398
img_951,Tomato,blight,1.0,0.549589704104061,0.858749766225388,0.7568116694836609
img_952,Grape,scab,0.875,0.6916406664303504,0.04551609909174883,0.38571112138565816
img_953,Tomato,blight,1.0,0.07539560364778711,0.5321947670333911,0.9860445852286994
img_954,Tomato,healthy,0.0,0.8114909334988251,0.3697535747465618,0.23617559055592496
img_955,Grape,healthy,0.0,0.6598020898284871,0.3892757730032777,0.9661148984179446
img_956,Tomato,scab,0.875,0.2909779893226916,0.495335713949274,0.5968972576016875
img_957,Tomato,healthy,0.0,0.9574863035292017,0.18229998835671402,0.527356636223232
img_958,Apple,blight,1.0,0.644703780042639,0.01830093872019582,0.23471471959063017
img_959,Tomato,blight,1.0,0.7141218409768489,0.5213887232690348,0.9108105710490288
img_960,Grape,healthy,0.0,0.6078820026915112,0.24457710967220633,0.45006184279954786
img_961,Tomato,healthy,0.0,0.4800544391221722,0.5811490099713338,0.68240983762096
img_962,Tomato,blight,1.0,0.401961232657601,0.8146514909730617,0.5215875313034164
img_963,Tomato,scab,0.875,0.6416345525527516,0.937062071632418,0.6893651815925985
img_964,Grape,healthy,0.0,0.1641242004325727,0.6860481825029188,0.8033538897750354
img_965,Grape,scab,0.875,0.00815191041887696,0.6862229805262247,0.5343485541839206
img_966,Apple,blight,1.0,0.6148655817763812,0.2983097963131063,0.19811954731879408
img_967,Grape,blight,1.0,0.8695560194139939,0.5672271282940259,0.14534523943614094
img_968,Grape,healthy,0.0,0.27385109996441087,0.08156829938451716,0.7106300501150753
img_969,Tomato,healthy,0.0,0.11162114642576751,0.9014540721862107,0.9398334218079472
img_970,Apple,blight,1.0,0.4627673611398017,0.1882863469355914,0.34637928502704135
img_971,Apple,healthy,0.0,0.8952431545748388,0.5438749577342965,0.662959757741364
img_972,Apple,scab,0.875,0.4585543111710343,0.4216916526936846,0.31193518993008623
img_973,Grape,blight,1.0,0.9134293183362162,0.49371414084897514,0.2033981214252361
img_974,Grape,scab,0.875,0.41620848768555463,0.3471444437819946,0.25046219099910405
img_975,Tomato,scab,0.875,0.04574368242055131,0.9882183407139551,0.04215824759274597
img_976,Grape,scab,0.875,0.8359085987884397,0.5716686502620951,0.7050725735677115
img_977,Grape,blight,1.0,0.8822338603214438,0.8932939751206329,0.9858963286908495
img_978,Grape,healthy,0.0,0.1392682746648252,0.562474830227116,0.15231311927651614
img_979,Grape,scab,0.875,0.1717967970508191,0.5609638350644396,0.219953351809194
img_980,Apple,scab,0.875,0.5636767764559232,0.21866802251740353,0.5538575746452516
img_981,Tomato,healthy,0.0,0.9004916757654514,0.022926431419357126,0.5695644572672569
img_982,Tomato,scab,0.875,0.9464369210773447,0.14624191982123572,0.9095588637881729
img_983,Apple,blight,1.0,0.36231464782783374,0.9230715370405622,0.9390437274653347
img_984,Grape,scab,0.875,0.11511652164440851,0.49232729078262055,0.4435349541914598
img_985,Apple,scab,0.875,0.1774629800325004,0.30810797806794415,0.7165708265459212
img_986,Grape,scab,0.875,0.034087409285292136,0.4033240327343667,0.5114885700016916
img_987,Apple,blight,1.0,0.2633881440518257,0.8940982240974981,0.20459664027370272
img_988,Tomato,blight,1.0,0.045652327263328435,0.5002006747509782,0.26552225019029063
img_989,Tomato,healthy,0.0,0.7835685953291973,0.7171027681391328,0.33738698973025283
img_990,Grape,healthy,0.0,0.2520939422311493,0.5583660924193637,0.6482067167129859
img_991,Grape,scab,0.875,0.647205878751121,0.242196512514292,0.1762912426808834
img_992,Tomato,healthy,0.0,0.8759516719266949,0.9083724751769433,0.39468533183489235
img_993,Apple,blight,1.0,0.14527286854700486,0.9284757972271805,0.025839158491912578
img_994,Apple,scab,0.875,0.02609273781259727,0.2520904664331891,0.5672497829169769
img_995,Apple,healthy,0.0,0.5216478372125576,0.3385831779636705,0.8619983182832383
img_996,Tomato,blight,1.0,0.8967294151760269,0.32965808532658225,0.8359472566912141
img_997,Apple,blight,1.0,0.29114245597561456,0.10087097774566753,0.3961747916545116
img_998,Grape,blight,1.0,0.4423267082329479,0.2918058227697626,0.4479666220499563
img_999,Apple,healthy,0.0,0.5776457014059996,0.5682268849570276,0.03301284320179009
img_1000,Tomato,healthy,0.0,0.7365111087681491,0.490335963071456,0.4971233008448834
